data,evento_id,reuniao,dias_ate_reuniao,n_faixas_esperadas,n_faixas_presentes,n_faixas_ausentes,soma_cru,degenerado,linha_completa
2024-04-04,10098,2024-05-01,27,4,4,0,1.002,False,True
2024-04-05,10098,2024-05-01,26,4,4,0,1.0145000000000002,False,True
2024-04-06,10098,2024-05-01,25,4,4,0,1.012,False,True
2024-04-07,10098,2024-05-01,24,4,4,0,1.013,False,True
2024-04-08,10098,2024-05-01,23,4,4,0,1.0150000000000001,False,True
2024-04-09,10098,2024-05-01,22,4,4,0,1.012,False,True
2024-04-10,10098,2024-05-01,21,4,4,0,1.012,False,True
2024-04-11,10098,2024-05-01,20,4,4,0,1.0010000000000001,False,True
2024-04-12,10098,2024-05-01,19,4,4,0,1.004,False,True
2024-04-13,10098,2024-05-01,18,4,4,0,1.0035,False,True
2024-04-14,10098,2024-05-01,17,4,4,0,1.0015,False,True
2024-04-15,10098,2024-05-01,16,4,4,0,1.008,False,True
2024-04-16,10098,2024-05-01,15,4,4,0,1.0085,False,True
2024-04-17,10098,2024-05-01,14,4,4,0,1.016,False,True
2024-04-18,10098,2024-05-01,13,4,4,0,1.0185000000000002,False,True
2024-04-19,10098,2024-05-01,12,4,4,0,1.0150000000000001,False,True
2024-04-20,10098,2024-05-01,11,4,4,0,1.0085,False,True
2024-04-21,10098,2024-05-01,10,4,4,0,1.0085,False,True
2024-04-22,10098,2024-05-01,9,4,4,0,1.0085,False,True
2024-04-23,10098,2024-05-01,8,4,4,0,1.0075,False,True
2024-04-24,10098,2024-05-01,7,4,4,0,1.0065,False,True
2024-04-25,10098,2024-05-01,6,4,4,0,1.0015,False,True
2024-04-26,10098,2024-05-01,5,4,4,0,1.0085,False,True
2024-04-27,10098,2024-05-01,4,4,4,0,1.0045,False,True
2024-04-28,10098,2024-05-01,3,4,4,0,1.008,False,True
2024-04-29,10098,2024-05-01,2,4,4,0,1.0055,False,True
2024-04-30,10098,2024-05-01,1,4,4,0,1.0054999999999998,False,True
2024-05-01,10098,2024-05-01,0,4,4,0,1.0045,False,True
2024-05-02,10535,2024-06-12,41,4,4,0,1.0279999999999998,False,True
2024-05-03,10535,2024-06-12,40,4,4,0,1.0125,False,True
2024-05-04,10535,2024-06-12,39,4,4,0,1.012,False,True
2024-05-05,10535,2024-06-12,38,4,4,0,1.0095,False,True
2024-05-06,10535,2024-06-12,37,4,4,0,1.013,False,True
2024-05-07,10535,2024-06-12,36,4,4,0,1.0110000000000001,False,True
2024-05-08,10535,2024-06-12,35,4,4,0,1.0035,False,True
2024-05-09,10535,2024-06-12,34,4,4,0,1.0045,False,True
2024-05-10,10535,2024-06-12,33,4,4,0,1.0045,False,True
2024-05-11,10535,2024-06-12,32,4,4,0,1.003,False,True
2024-05-12,10535,2024-06-12,31,4,4,0,1.0045,False,True
2024-05-13,10535,2024-06-12,30,4,4,0,1.007,False,True
2024-05-14,10535,2024-06-12,29,4,4,0,1.0094999999999998,False,True
2024-05-15,10535,2024-06-12,28,4,4,0,1.0035,False,True
2024-05-16,10535,2024-06-12,27,4,4,0,1.014,False,True
2024-05-17,10535,2024-06-12,26,4,4,0,1.0075,False,True
2024-05-18,10535,2024-06-12,25,4,4,0,1.0054999999999998,False,True
2024-05-19,10535,2024-06-12,24,4,4,0,1.0065,False,True
2024-05-20,10535,2024-06-12,23,4,4,0,1.002,False,True
2024-05-21,10535,2024-06-12,22,4,4,0,1.0025,False,True
2024-05-22,10535,2024-06-12,21,4,4,0,1.0005,False,True
2024-05-23,10535,2024-06-12,20,4,4,0,1.0015,False,True
2024-05-24,10535,2024-06-12,19,4,4,0,1.0045,False,True
2024-05-25,10535,2024-06-12,18,4,4,0,1.004,False,True
2024-05-26,10535,2024-06-12,17,4,4,0,1.002,False,True
2024-05-27,10535,2024-06-12,16,4,4,0,1.002,False,True
2024-05-28,10535,2024-06-12,15,4,4,0,1.0035,False,True
2024-05-29,10535,2024-06-12,14,4,4,0,1.0045,False,True
2024-05-30,10535,2024-06-12,13,4,4,0,1.0025,False,True
2024-05-31,10535,2024-06-12,12,4,4,0,1.0050000000000001,False,True
2024-06-01,10535,2024-06-12,11,4,4,0,1.0074999999999998,False,True
2024-06-02,10535,2024-06-12,10,4,4,0,1.0085,False,True
2024-06-03,10535,2024-06-12,9,4,4,0,1.008,False,True
2024-06-04,10535,2024-06-12,8,4,4,0,1.0079999999999998,False,True
2024-06-05,10535,2024-06-12,7,4,4,0,1.0065,False,True
2024-06-06,10535,2024-06-12,6,4,4,0,1.0055,False,True
2024-06-07,10535,2024-06-12,5,4,4,0,1.001,False,True
2024-06-08,10535,2024-06-12,4,4,4,0,1.001,False,True
2024-06-09,10535,2024-06-12,3,4,4,0,1.0025000000000002,False,True
2024-06-10,10535,2024-06-12,2,4,4,0,1.0015,False,True
2024-06-11,10535,2024-06-12,1,4,4,0,1.0034999999999998,False,True
2024-06-12,10535,2024-06-12,0,4,4,0,1.0159999999999998,False,True
2024-06-13,11074,2024-07-31,48,4,4,0,0.992,False,True
2024-06-14,11074,2024-07-31,47,4,4,0,1.0074999999999998,False,True
2024-06-15,11074,2024-07-31,46,4,4,0,1.007,False,True
2024-06-16,11074,2024-07-31,45,4,4,0,1.0055,False,True
2024-06-17,11074,2024-07-31,44,4,4,0,1.0050000000000001,False,True
2024-06-18,11074,2024-07-31,43,4,4,0,1.0070000000000001,False,True
2024-06-19,11074,2024-07-31,42,4,4,0,1.0065,False,True
2024-06-20,11074,2024-07-31,41,4,4,0,1.006,False,True
2024-06-21,11074,2024-07-31,40,4,4,0,1.006,False,True
2024-06-22,11074,2024-07-31,39,4,4,0,0.994,False,True
2024-06-23,11074,2024-07-31,38,4,4,0,0.995,False,True
2024-06-24,11074,2024-07-31,37,4,4,0,0.9954999999999999,False,True
2024-06-25,11074,2024-07-31,36,4,4,0,0.9975,False,True
2024-06-26,11074,2024-07-31,35,4,4,0,1.005,False,True
2024-06-27,11074,2024-07-31,34,4,4,0,1.0105,False,True
2024-06-28,11074,2024-07-31,33,4,4,0,1.013,False,True
2024-06-29,11074,2024-07-31,32,4,4,0,1.0130000000000001,False,True
2024-06-30,11074,2024-07-31,31,4,4,0,1.0085,False,True
2024-07-01,11074,2024-07-31,30,4,4,0,1.008,False,True
2024-07-02,11074,2024-07-31,29,4,4,0,1.0075,False,True
2024-07-03,11074,2024-07-31,28,4,4,0,1.0095,False,True
2024-07-04,11074,2024-07-31,27,4,4,0,1.02,False,True
2024-07-05,11074,2024-07-31,26,4,4,0,1.007,False,True
2024-07-06,11074,2024-07-31,25,4,4,0,1.0055,False,True
2024-07-07,11074,2024-07-31,24,4,4,0,1.0065,False,True
2024-07-08,11074,2024-07-31,23,4,4,0,1.0045,False,True
2024-07-09,11074,2024-07-31,22,4,4,0,1.006,False,True
2024-07-10,11074,2024-07-31,21,4,4,0,1.0095,False,True
2024-07-11,11074,2024-07-31,20,4,4,0,1.0035,False,True
2024-07-12,11074,2024-07-31,19,4,4,0,1.008,False,True
2024-07-13,11074,2024-07-31,18,4,4,0,1.0074999999999998,False,True
2024-07-14,11074,2024-07-31,17,4,4,0,1.008,False,True
2024-07-15,11074,2024-07-31,16,4,4,0,1.012,False,True
2024-07-16,11074,2024-07-31,15,4,4,0,1.001,False,True
2024-07-17,11074,2024-07-31,14,4,4,0,1.006,False,True
2024-07-18,11074,2024-07-31,13,4,4,0,1.008,False,True
2024-07-19,11074,2024-07-31,12,4,4,0,1.0074999999999998,False,True
2024-07-20,11074,2024-07-31,11,4,4,0,1.009,False,True
2024-07-21,11074,2024-07-31,10,4,4,0,1.0099999999999998,False,True
2024-07-22,11074,2024-07-31,9,4,4,0,1.0194999999999999,False,True
2024-07-23,11074,2024-07-31,8,4,4,0,1.01,False,True
2024-07-24,11074,2024-07-31,7,4,4,0,1.0125,False,True
2024-07-25,11074,2024-07-31,6,4,4,0,0.993,False,True
2024-07-26,11074,2024-07-31,5,4,4,0,1.007,False,True
2024-07-27,11074,2024-07-31,4,4,4,0,1.0045,False,True
2024-07-28,11074,2024-07-31,3,4,4,0,1.0055,False,True
2024-07-29,11074,2024-07-31,2,4,4,0,1.0085,False,True
2024-07-30,11074,2024-07-31,1,4,4,0,1.009,False,True
2024-07-31,11074,2024-07-31,0,4,4,0,1.0065,False,True
2024-08-01,11696,2024-09-18,48,4,4,0,1.036,False,True
2024-08-02,11696,2024-09-18,47,4,4,0,1.0179999999999998,False,True
2024-08-03,11696,2024-09-18,46,4,4,0,0.9765,False,True
2024-08-04,11696,2024-09-18,45,4,4,0,1.012,False,True
2024-08-05,11696,2024-09-18,44,4,4,0,0.9560000000000001,False,True
2024-08-06,11696,2024-09-18,43,4,4,0,1.016,False,True
2024-08-07,11696,2024-09-18,42,4,4,0,1.0195,False,True
2024-08-08,11696,2024-09-18,41,4,4,0,0.9874999999999999,False,True
2024-08-09,11696,2024-09-18,40,4,4,0,1.0085,False,True
2024-08-10,11696,2024-09-18,39,4,4,0,1.0105,False,True
2024-08-11,11696,2024-09-18,38,4,4,0,1.1435,False,True
2024-08-12,11696,2024-09-18,37,4,4,0,1.0205,False,True
2024-08-13,11696,2024-09-18,36,4,4,0,0.9975,False,True
2024-08-14,11696,2024-09-18,35,4,4,0,1.0094999999999998,False,True
2024-08-15,11696,2024-09-18,34,4,4,0,0.9979999999999999,False,True
2024-08-16,11696,2024-09-18,33,4,4,0,1.012,False,True
2024-08-17,11696,2024-09-18,32,4,4,0,1.005,False,True
2024-08-18,11696,2024-09-18,31,4,4,0,1.0075,False,True
2024-08-19,11696,2024-09-18,30,4,4,0,1.0070000000000001,False,True
2024-08-20,11696,2024-09-18,29,4,4,0,1.008,False,True
2024-08-21,11696,2024-09-18,28,4,4,0,1.0065000000000002,False,True
2024-08-22,11696,2024-09-18,27,4,4,0,0.9675,False,True
2024-08-23,11696,2024-09-18,26,4,4,0,1.006,False,True
2024-08-24,11696,2024-09-18,25,4,4,0,1.004,False,True
2024-08-25,11696,2024-09-18,24,4,4,0,1.012,False,True
2024-08-26,11696,2024-09-18,23,4,4,0,1.0015,False,True
2024-08-27,11696,2024-09-18,22,4,4,0,1.003,False,True
2024-08-28,11696,2024-09-18,21,4,4,0,0.9894999999999999,False,True
2024-08-29,11696,2024-09-18,20,4,4,0,1.005,False,True
2024-08-30,11696,2024-09-18,19,4,4,0,1.0065,False,True
2024-08-31,11696,2024-09-18,18,4,4,0,1.0114999999999998,False,True
2024-09-01,11696,2024-09-18,17,4,4,0,0.9994999999999999,False,True
2024-09-02,11696,2024-09-18,16,4,4,0,1.0070000000000001,False,True
2024-09-03,11696,2024-09-18,15,4,4,0,1.0145000000000002,False,True
2024-09-04,11696,2024-09-18,14,4,4,0,1.0015,False,True
2024-09-05,11696,2024-09-18,13,4,4,0,1.0015,False,True
2024-09-06,11696,2024-09-18,12,4,4,0,1.0105,False,True
2024-09-07,11696,2024-09-18,11,4,4,0,1.008,False,True
2024-09-08,11696,2024-09-18,10,4,4,0,1.0035,False,True
2024-09-09,11696,2024-09-18,9,4,4,0,1.0085,False,True
2024-09-10,11696,2024-09-18,8,4,4,0,1.011,False,True
2024-09-11,11696,2024-09-18,7,4,4,0,1.0045,False,True
2024-09-12,11696,2024-09-18,6,4,4,0,1.0110000000000001,False,True
2024-09-13,11696,2024-09-18,5,4,4,0,1.0105,False,True
2024-09-14,11696,2024-09-18,4,4,4,0,1.005,False,True
2024-09-15,11696,2024-09-18,3,4,4,0,1.007,False,True
2024-09-16,11696,2024-09-18,2,4,4,0,0.9979999999999999,False,True
2024-09-17,11696,2024-09-18,1,4,4,0,1.01,False,True
2024-09-18,11696,2024-09-18,0,4,4,0,1.0015,False,True
2024-09-19,11827,2024-11-07,49,5,5,0,1.0010000000000001,False,True
2024-09-20,11827,2024-11-07,48,5,5,0,1.0185,False,True
2024-09-21,11827,2024-11-07,47,5,5,0,1.008,False,True
2024-09-22,11827,2024-11-07,46,5,5,0,1.0085,False,True
2024-09-23,11827,2024-11-07,45,5,5,0,0.986,False,True
2024-09-24,11827,2024-11-07,44,5,5,0,1.0015,False,True
2024-09-25,11827,2024-11-07,43,5,5,0,1.0085,False,True
2024-09-26,11827,2024-11-07,42,5,5,0,1.0135,False,True
2024-09-27,11827,2024-11-07,41,5,5,0,1.006,False,True
2024-09-28,11827,2024-11-07,40,5,5,0,1.0065,False,True
2024-09-29,11827,2024-11-07,39,5,5,0,1.0020000000000002,False,True
2024-09-30,11827,2024-11-07,38,5,5,0,1.0050000000000001,False,True
2024-10-01,11827,2024-11-07,37,5,5,0,1.0105,False,True
2024-10-02,11827,2024-11-07,36,5,5,0,1.013,False,True
2024-10-03,11827,2024-11-07,35,5,5,0,0.9975,False,True
2024-10-04,11827,2024-11-07,34,5,5,0,1.0165000000000002,False,True
2024-10-05,11827,2024-11-07,33,5,5,0,1.004,False,True
2024-10-06,11827,2024-11-07,32,5,5,0,1.008,False,True
2024-10-07,11827,2024-11-07,31,5,5,0,1.002,False,True
2024-10-08,11827,2024-11-07,30,5,5,0,1.004,False,True
2024-10-09,11827,2024-11-07,29,5,5,0,1.0054999999999998,False,True
2024-10-10,11827,2024-11-07,28,5,5,0,1.0,False,True
2024-10-11,11827,2024-11-07,27,5,5,0,1.011,False,True
2024-10-12,11827,2024-11-07,26,5,5,0,0.9964999999999999,False,True
2024-10-13,11827,2024-11-07,25,5,5,0,1.0005,False,True
2024-10-14,11827,2024-11-07,24,5,5,0,1.003,False,True
2024-10-15,11827,2024-11-07,23,5,5,0,0.9904999999999999,False,True
2024-10-16,11827,2024-11-07,22,5,5,0,0.953,False,True
2024-10-17,11827,2024-11-07,21,5,5,0,0.9645,False,True
2024-10-18,11827,2024-11-07,20,5,5,0,0.9690000000000001,False,True
2024-10-19,11827,2024-11-07,19,5,5,0,0.9914999999999999,False,True
2024-10-20,11827,2024-11-07,18,5,5,0,0.9869999999999999,False,True
2024-10-21,11827,2024-11-07,17,5,5,0,1.009,False,True
2024-10-22,11827,2024-11-07,16,5,5,0,0.9685,False,True
2024-10-23,11827,2024-11-07,15,5,5,0,1.0025,False,True
2024-10-24,11827,2024-11-07,14,5,5,0,1.0045,False,True
2024-10-25,11827,2024-11-07,13,5,5,0,1.0075,False,True
2024-10-26,11827,2024-11-07,12,5,5,0,1.0065,False,True
2024-10-27,11827,2024-11-07,11,5,5,0,1.0035,False,True
2024-10-28,11827,2024-11-07,10,5,5,0,1.0094999999999998,False,True
2024-10-29,11827,2024-11-07,9,5,5,0,0.9934999999999999,False,True
2024-10-30,11827,2024-11-07,8,5,5,0,1.0025,False,True
2024-10-31,11827,2024-11-07,7,5,5,0,1.0090000000000001,False,True
2024-11-01,11827,2024-11-07,6,5,5,0,0.996,False,True
2024-11-02,11827,2024-11-07,5,5,5,0,1.0034999999999998,False,True
2024-11-03,11827,2024-11-07,4,5,5,0,1.0005000000000002,False,True
2024-11-04,11827,2024-11-07,3,5,5,0,1.0065,False,True
2024-11-05,11827,2024-11-07,2,5,5,0,1.0065000000000002,False,True
2024-11-06,11827,2024-11-07,1,5,5,0,1.007,False,True
2024-11-07,11827,2024-11-07,0,5,5,0,1.0035,False,True
2024-11-08,11878,2024-12-18,40,5,5,0,1.0055,False,True
2024-11-09,11878,2024-12-18,39,5,5,0,1.004,False,True
2024-11-10,11878,2024-12-18,38,5,5,0,1.0059999999999998,False,True
2024-11-11,11878,2024-12-18,37,5,5,0,1.0055,False,True
2024-11-12,11878,2024-12-18,36,5,5,0,1.0065000000000002,False,True
2024-11-13,11878,2024-12-18,35,5,5,0,1.008,False,True
2024-11-14,11878,2024-12-18,34,5,5,0,1.0065,False,True
2024-11-15,11878,2024-12-18,33,5,5,0,0.9994999999999999,False,True
2024-11-16,11878,2024-12-18,32,5,5,0,1.006,False,True
2024-11-17,11878,2024-12-18,31,5,5,0,1.006,False,True
2024-11-18,11878,2024-12-18,30,5,5,0,0.9954999999999999,False,True
2024-11-19,11878,2024-12-18,29,5,5,0,0.9974999999999999,False,True
2024-11-20,11878,2024-12-18,28,5,5,0,0.9909999999999999,False,True
2024-11-21,11878,2024-12-18,27,5,5,0,0.9989999999999999,False,True
2024-11-22,11878,2024-12-18,26,5,5,0,0.991,False,True
2024-11-23,11878,2024-12-18,25,5,5,0,1.0045,False,True
2024-11-24,11878,2024-12-18,24,5,5,0,0.9984999999999999,False,True
2024-11-25,11878,2024-12-18,23,5,5,0,1.0045,False,True
2024-11-26,11878,2024-12-18,22,5,5,0,1.008,False,True
2024-11-27,11878,2024-12-18,21,5,5,0,0.9975,False,True
2024-11-28,11878,2024-12-18,20,5,5,0,1.0025,False,True
2024-11-29,11878,2024-12-18,19,5,5,0,1.0010000000000001,False,True
2024-11-30,11878,2024-12-18,18,5,5,0,1.0035,False,True
2024-12-01,11878,2024-12-18,17,5,5,0,1.0035,False,True
2024-12-02,11878,2024-12-18,16,5,5,0,0.987,False,True
2024-12-03,11878,2024-12-18,15,5,5,0,0.9804999999999999,False,True
2024-12-04,11878,2024-12-18,14,5,5,0,0.9854999999999999,False,True
2024-12-05,11878,2024-12-18,13,5,5,0,0.9819999999999999,False,True
2024-12-06,11878,2024-12-18,12,5,5,0,0.9944999999999999,False,True
2024-12-07,11878,2024-12-18,11,5,5,0,1.007,False,True
2024-12-08,11878,2024-12-18,10,5,5,0,1.0035,False,True
2024-12-09,11878,2024-12-18,9,5,5,0,1.0085,False,True
2024-12-10,11878,2024-12-18,8,5,5,0,0.9979999999999999,False,True
2024-12-11,11878,2024-12-18,7,5,5,0,1.008,False,True
2024-12-12,11878,2024-12-18,6,5,5,0,1.0015,False,True
2024-12-13,11878,2024-12-18,5,5,5,0,1.0005,False,True
2024-12-14,11878,2024-12-18,4,5,5,0,1.0005,False,True
2024-12-15,11878,2024-12-18,3,5,5,0,1.001,False,True
2024-12-16,11878,2024-12-18,2,5,5,0,1.0014999999999998,False,True
2024-12-17,11878,2024-12-18,1,5,5,0,1.002,False,True
2024-12-18,11878,2024-12-18,0,5,5,0,1.0,False,True
2024-12-19,14220,2025-01-29,41,5,5,0,1.0070000000000001,False,True
2024-12-20,14220,2025-01-29,40,5,5,0,0.9995,False,True
2024-12-21,14220,2025-01-29,39,5,5,0,1.0075,False,True
2024-12-22,14220,2025-01-29,38,5,5,0,1.0015,False,True
2024-12-23,14220,2025-01-29,37,5,5,0,1.006,False,True
2024-12-24,14220,2025-01-29,36,5,5,0,1.01,False,True
2024-12-25,14220,2025-01-29,35,5,5,0,0.998,False,True
2024-12-26,14220,2025-01-29,34,5,5,0,1.0,False,True
2024-12-27,14220,2025-01-29,33,5,5,0,1.0095,False,True
2024-12-28,14220,2025-01-29,32,5,5,0,1.0115,False,True
2024-12-29,14220,2025-01-29,31,5,5,0,1.01,False,True
2024-12-30,14220,2025-01-29,30,5,5,0,1.0105000000000002,False,True
2024-12-31,14220,2025-01-29,29,5,5,0,1.008,False,True
2025-01-01,14220,2025-01-29,28,5,5,0,1.0035,False,True
2025-01-02,14220,2025-01-29,27,5,5,0,1.0105000000000002,False,True
2025-01-03,14220,2025-01-29,26,5,5,0,1.0025,False,True
2025-01-04,14220,2025-01-29,25,5,5,0,1.0025,False,True
2025-01-05,14220,2025-01-29,24,5,5,0,1.0035,False,True
2025-01-06,14220,2025-01-29,23,5,5,0,1.0055,False,True
2025-01-07,14220,2025-01-29,22,5,5,0,1.0045,False,True
2025-01-08,14220,2025-01-29,21,5,5,0,0.9944999999999999,False,True
2025-01-09,14220,2025-01-29,20,5,5,0,1.0045,False,True
2025-01-10,14220,2025-01-29,19,5,5,0,1.0035,False,True
2025-01-11,14220,2025-01-29,18,5,5,0,1.002,False,True
2025-01-12,14220,2025-01-29,17,5,5,0,1.002,False,True
2025-01-13,14220,2025-01-29,16,5,5,0,1.001,False,True
2025-01-14,14220,2025-01-29,15,5,5,0,1.0030000000000001,False,True
2025-01-15,14220,2025-01-29,14,5,5,0,1.0025,False,True
2025-01-16,14220,2025-01-29,13,5,5,0,1.0025,False,True
2025-01-17,14220,2025-01-29,12,5,5,0,1.0025,False,True
2025-01-18,14220,2025-01-29,11,5,5,0,0.9969999999999999,False,True
2025-01-19,14220,2025-01-29,10,5,5,0,0.9884999999999999,False,True
2025-01-20,14220,2025-01-29,9,5,5,0,1.0035,False,True
2025-01-21,14220,2025-01-29,8,5,5,0,1.002,False,True
2025-01-22,14220,2025-01-29,7,5,5,0,1.0005,False,True
2025-01-23,14220,2025-01-29,6,5,5,0,1.0025000000000002,False,True
2025-01-24,14220,2025-01-29,5,5,5,0,1.0025000000000002,False,True
2025-01-25,14220,2025-01-29,4,5,5,0,1.0015,False,True
2025-01-26,14220,2025-01-29,3,5,5,0,1.0015,False,True
2025-01-27,14220,2025-01-29,2,5,5,0,1.0025,False,True
2025-01-28,14220,2025-01-29,1,5,5,0,1.0015,False,True
2025-01-29,14220,2025-01-29,0,5,5,0,1.002,False,True
2025-01-30,15665,2025-03-19,48,4,4,0,1.009,False,True
2025-01-31,15665,2025-03-19,47,4,4,0,1.011,False,True
2025-02-01,15665,2025-03-19,46,4,4,0,1.0065,False,True
2025-02-02,15665,2025-03-19,45,4,4,0,1.0094999999999998,False,True
2025-02-03,15665,2025-03-19,44,4,4,0,1.0045,False,True
2025-02-04,15665,2025-03-19,43,4,4,0,1.0110000000000001,False,True
2025-02-05,15665,2025-03-19,42,4,4,0,1.0065,False,True
2025-02-06,15665,2025-03-19,41,4,4,0,1.002,False,True
2025-02-07,15665,2025-03-19,40,4,4,0,1.0075,False,True
2025-02-08,15665,2025-03-19,39,4,4,0,0.9975,False,True
2025-02-09,15665,2025-03-19,38,4,4,0,0.993,False,True
2025-02-10,15665,2025-03-19,37,4,4,0,0.999,False,True
2025-02-11,15665,2025-03-19,36,4,4,0,1.007,False,True
2025-02-12,15665,2025-03-19,35,4,4,0,1.003,False,True
2025-02-13,15665,2025-03-19,34,4,4,0,1.0010000000000001,False,True
2025-02-14,15665,2025-03-19,33,4,4,0,0.9979999999999999,False,True
2025-02-15,15665,2025-03-19,32,4,4,0,0.9984999999999999,False,True
2025-02-16,15665,2025-03-19,31,4,4,0,1.002,False,True
2025-02-17,15665,2025-03-19,30,4,4,0,1.0015,False,True
2025-02-18,15665,2025-03-19,29,4,4,0,1.0015,False,True
2025-02-19,15665,2025-03-19,28,4,4,0,0.9985,False,True
2025-02-20,15665,2025-03-19,27,4,4,0,1.0014999999999998,False,True
2025-02-21,15665,2025-03-19,26,4,4,0,1.002,False,True
2025-02-22,15665,2025-03-19,25,4,4,0,1.0015,False,True
2025-02-23,15665,2025-03-19,24,4,4,0,1.0005,False,True
2025-02-24,15665,2025-03-19,23,4,4,0,1.002,False,True
2025-02-25,15665,2025-03-19,22,4,4,0,1.0,False,True
2025-02-26,15665,2025-03-19,21,4,4,0,1.0015,False,True
2025-02-27,15665,2025-03-19,20,4,4,0,1.0015,False,True
2025-02-28,15665,2025-03-19,19,4,4,0,1.001,False,True
2025-03-01,15665,2025-03-19,18,4,4,0,1.002,False,True
2025-03-02,15665,2025-03-19,17,4,4,0,1.002,False,True
2025-03-03,15665,2025-03-19,16,4,4,0,1.002,False,True
2025-03-04,15665,2025-03-19,15,4,4,0,0.996,False,True
2025-03-05,15665,2025-03-19,14,4,4,0,1.001,False,True
2025-03-06,15665,2025-03-19,13,4,4,0,1.0010000000000001,False,True
2025-03-07,15665,2025-03-19,12,4,4,0,1.002,False,True
2025-03-08,15665,2025-03-19,11,4,4,0,1.0015,False,True
2025-03-09,15665,2025-03-19,10,4,4,0,1.0015,False,True
2025-03-10,15665,2025-03-19,9,4,4,0,1.0015,False,True
2025-03-11,15665,2025-03-19,8,4,4,0,1.0015,False,True
2025-03-12,15665,2025-03-19,7,4,4,0,1.002,False,True
2025-03-13,15665,2025-03-19,6,4,4,0,0.9999999999999999,False,True
2025-03-14,15665,2025-03-19,5,4,4,0,1.0015,False,True
2025-03-15,15665,2025-03-19,4,4,4,0,1.002,False,True
2025-03-16,15665,2025-03-19,3,4,4,0,1.002,False,True
2025-03-17,15665,2025-03-19,2,4,4,0,1.0025,False,True
2025-03-18,15665,2025-03-19,1,4,4,0,1.001,False,True
2025-03-19,15665,2025-03-19,0,4,4,0,1.002,False,True
2025-03-20,17140,2025-05-07,48,4,4,0,1.0110000000000001,False,True
2025-03-21,17140,2025-05-07,47,4,4,0,1.01,False,True
2025-03-22,17140,2025-05-07,46,4,4,0,1.0035,False,True
2025-03-23,17140,2025-05-07,45,4,4,0,0.9929999999999999,False,True
2025-03-24,17140,2025-05-07,44,4,4,0,1.006,False,True
2025-03-25,17140,2025-05-07,43,4,4,0,1.008,False,True
2025-03-26,17140,2025-05-07,42,4,4,0,1.0085,False,True
2025-03-27,17140,2025-05-07,41,4,4,0,1.0045,False,True
2025-03-28,17140,2025-05-07,40,4,4,0,1.0065,False,True
2025-03-29,17140,2025-05-07,39,4,4,0,1.004,False,True
2025-03-30,17140,2025-05-07,38,4,4,0,1.0025,False,True
2025-03-31,17140,2025-05-07,37,4,4,0,1.001,False,True
2025-04-01,17140,2025-05-07,36,4,4,0,1.0035,False,True
2025-04-02,17140,2025-05-07,35,4,4,0,0.9994999999999999,False,True
2025-04-03,17140,2025-05-07,34,4,4,0,1.0010000000000001,False,True
2025-04-04,17140,2025-05-07,33,4,4,0,0.9754999999999999,False,True
2025-04-05,17140,2025-05-07,32,4,4,0,1.0025,False,True
2025-04-06,17140,2025-05-07,31,4,4,0,0.98,False,True
2025-04-07,17140,2025-05-07,30,4,4,0,0.969,False,True
2025-04-08,17140,2025-05-07,29,4,4,0,0.983,False,True
2025-04-09,17140,2025-05-07,28,4,4,0,0.9904999999999999,False,True
2025-04-10,17140,2025-05-07,27,4,4,0,1.0055,False,True
2025-04-11,17140,2025-05-07,26,4,4,0,1.0055,False,True
2025-04-12,17140,2025-05-07,25,4,4,0,1.005,False,True
2025-04-13,17140,2025-05-07,24,4,4,0,1.0085,False,True
2025-04-14,17140,2025-05-07,23,4,4,0,1.0025,False,True
2025-04-15,17140,2025-05-07,22,4,4,0,1.003,False,True
2025-04-16,17140,2025-05-07,21,4,4,0,1.005,False,True
2025-04-17,17140,2025-05-07,20,4,4,0,0.995,False,True
2025-04-18,17140,2025-05-07,19,4,4,0,1.0110000000000001,False,True
2025-04-19,17140,2025-05-07,18,4,4,0,1.0015,False,True
2025-04-20,17140,2025-05-07,17,4,4,0,1.0015,False,True
2025-04-21,17140,2025-05-07,16,4,4,0,1.0025,False,True
2025-04-22,17140,2025-05-07,15,4,4,0,1.0090000000000001,False,True
2025-04-23,17140,2025-05-07,14,4,4,0,1.0030000000000001,False,True
2025-04-24,17140,2025-05-07,13,4,4,0,1.0070000000000001,False,True
2025-04-25,17140,2025-05-07,12,4,4,0,1.008,False,True
2025-04-26,17140,2025-05-07,11,4,4,0,1.0065,False,True
2025-04-27,17140,2025-05-07,10,4,4,0,1.0075,False,True
2025-04-28,17140,2025-05-07,9,4,4,0,1.008,False,True
2025-04-29,17140,2025-05-07,8,4,4,0,1.0055,False,True
2025-04-30,17140,2025-05-07,7,4,4,0,1.0010000000000001,False,True
2025-05-01,17140,2025-05-07,6,4,4,0,1.0065,False,True
2025-05-02,17140,2025-05-07,5,4,4,0,1.0050000000000001,False,True
2025-05-03,17140,2025-05-07,4,4,4,0,1.002,False,True
2025-05-04,17140,2025-05-07,3,4,4,0,1.0015,False,True
2025-05-05,17140,2025-05-07,2,4,4,0,1.001,False,True
2025-05-06,17140,2025-05-07,1,4,4,0,1.0005,False,True
2025-05-07,17140,2025-05-07,0,4,4,0,1.0,False,True
2025-05-08,17792,2025-06-18,41,4,4,0,0.998,False,True
2025-05-09,17792,2025-06-18,40,4,4,0,0.9989999999999999,False,True
2025-05-10,17792,2025-06-18,39,4,4,0,1.004,False,True
2025-05-11,17792,2025-06-18,38,4,4,0,1.0035,False,True
2025-05-12,17792,2025-06-18,37,4,4,0,0.9964999999999999,False,True
2025-05-13,17792,2025-06-18,36,4,4,0,0.9934999999999999,False,True
2025-05-14,17792,2025-06-18,35,4,4,0,0.9989999999999999,False,True
2025-05-15,17792,2025-06-18,34,4,4,0,1.008,False,True
2025-05-16,17792,2025-06-18,33,4,4,0,1.006,False,True
2025-05-17,17792,2025-06-18,32,4,4,0,1.006,False,True
2025-05-18,17792,2025-06-18,31,4,4,0,1.006,False,True
2025-05-19,17792,2025-06-18,30,4,4,0,1.006,False,True
2025-05-20,17792,2025-06-18,29,4,4,0,1.006,False,True
2025-05-21,17792,2025-06-18,28,4,4,0,1.0055,False,True
2025-05-22,17792,2025-06-18,27,4,4,0,1.005,False,True
2025-05-23,17792,2025-06-18,26,4,4,0,1.005,False,True
2025-05-24,17792,2025-06-18,25,4,4,0,1.005,False,True
2025-05-25,17792,2025-06-18,24,4,4,0,0.999,False,True
2025-05-26,17792,2025-06-18,23,4,4,0,0.993,False,True
2025-05-27,17792,2025-06-18,22,4,4,0,1.0030000000000001,False,True
2025-05-28,17792,2025-06-18,21,4,4,0,1.001,False,True
2025-05-29,17792,2025-06-18,20,4,4,0,1.0005,False,True
2025-05-30,17792,2025-06-18,19,4,4,0,1.006,False,True
2025-05-31,17792,2025-06-18,18,4,4,0,1.006,False,True
2025-06-01,17792,2025-06-18,17,4,4,0,1.0015,False,True
2025-06-02,17792,2025-06-18,16,4,4,0,1.002,False,True
2025-06-03,17792,2025-06-18,15,4,4,0,0.9969999999999999,False,True
2025-06-04,17792,2025-06-18,14,4,4,0,1.002,False,True
2025-06-05,17792,2025-06-18,13,4,4,0,0.9984999999999999,False,True
2025-06-06,17792,2025-06-18,12,4,4,0,1.002,False,True
2025-06-07,17792,2025-06-18,11,4,4,0,1.0010000000000001,False,True
2025-06-08,17792,2025-06-18,10,4,4,0,1.0015,False,True
2025-06-09,17792,2025-06-18,9,4,4,0,1.002,False,True
2025-06-10,17792,2025-06-18,8,4,4,0,1.002,False,True
2025-06-11,17792,2025-06-18,7,4,4,0,1.002,False,True
2025-06-12,17792,2025-06-18,6,4,4,0,0.9979999999999999,False,True
2025-06-13,17792,2025-06-18,5,4,4,0,1.0005,False,True
2025-06-14,17792,2025-06-18,4,4,4,0,1.002,False,True
2025-06-15,17792,2025-06-18,3,4,4,0,1.001,False,True
2025-06-16,17792,2025-06-18,2,4,4,0,1.0015,False,True
2025-06-17,17792,2025-06-18,1,4,4,0,1.001,False,True
2025-06-18,17792,2025-06-18,0,4,4,0,1.0005,False,True
2025-06-19,21255,2025-07-30,41,4,4,0,1.0065,False,True
2025-06-20,21255,2025-07-30,40,4,4,0,1.0025,False,True
2025-06-21,21255,2025-07-30,39,4,4,0,1.0074999999999998,False,True
2025-06-22,21255,2025-07-30,38,4,4,0,1.008,False,True
2025-06-23,21255,2025-07-30,37,4,4,0,1.003,False,True
2025-06-24,21255,2025-07-30,36,4,4,0,1.003,False,True
2025-06-25,21255,2025-07-30,35,4,4,0,1.0014999999999998,False,True
2025-06-26,21255,2025-07-30,34,4,4,0,1.0045,False,True
2025-06-27,21255,2025-07-30,33,4,4,0,0.9999999999999999,False,True
2025-06-28,21255,2025-07-30,32,4,4,0,0.997,False,True
2025-06-29,21255,2025-07-30,31,4,4,0,1.006,False,True
2025-06-30,21255,2025-07-30,30,4,4,0,1.003,False,True
2025-07-01,21255,2025-07-30,29,4,4,0,0.9999999999999999,False,True
2025-07-02,21255,2025-07-30,28,4,4,0,1.007,False,True
2025-07-03,21255,2025-07-30,27,4,4,0,0.99,False,True
2025-07-04,21255,2025-07-30,26,4,4,0,1.0015,False,True
2025-07-05,21255,2025-07-30,25,4,4,0,1.011,False,True
2025-07-06,21255,2025-07-30,24,4,4,0,1.0099999999999998,False,True
2025-07-07,21255,2025-07-30,23,4,4,0,1.0105,False,True
2025-07-08,21255,2025-07-30,22,4,4,0,1.001,False,True
2025-07-09,21255,2025-07-30,21,4,4,0,1.0005,False,True
2025-07-10,21255,2025-07-30,20,4,4,0,0.994,False,True
2025-07-11,21255,2025-07-30,19,4,4,0,1.0055,False,True
2025-07-12,21255,2025-07-30,18,4,4,0,1.0045,False,True
2025-07-13,21255,2025-07-30,17,4,4,0,0.997,False,True
2025-07-14,21255,2025-07-30,16,4,4,0,0.998,False,True
2025-07-15,21255,2025-07-30,15,4,4,0,1.0045,False,True
2025-07-16,21255,2025-07-30,14,4,4,0,1.002,False,True
2025-07-17,21255,2025-07-30,13,4,4,0,1.0005,False,True
2025-07-18,21255,2025-07-30,12,4,4,0,1.0025,False,True
2025-07-19,21255,2025-07-30,11,4,4,0,0.9914999999999999,False,True
2025-07-20,21255,2025-07-30,10,4,4,0,1.0010000000000001,False,True
2025-07-21,21255,2025-07-30,9,4,4,0,1.001,False,True
2025-07-22,21255,2025-07-30,8,4,4,0,1.0015,False,True
2025-07-23,21255,2025-07-30,7,4,4,0,1.0005,False,True
2025-07-24,21255,2025-07-30,6,4,4,0,1.0,False,True
2025-07-25,21255,2025-07-30,5,4,4,0,1.001,False,True
2025-07-26,21255,2025-07-30,4,4,4,0,1.0005,False,True
2025-07-27,21255,2025-07-30,3,4,4,0,0.999,False,True
2025-07-28,21255,2025-07-30,2,4,4,0,0.9974999999999999,False,True
2025-07-29,21255,2025-07-30,1,4,4,0,1.001,False,True
2025-07-30,21255,2025-07-30,0,4,4,0,1.0005,False,True
2025-07-31,24087,2025-09-17,48,4,4,0,1.0065,False,True
2025-08-01,24087,2025-09-17,47,4,4,0,1.007,False,True
2025-08-02,24087,2025-09-17,46,4,4,0,1.0045,False,True
2025-08-03,24087,2025-09-17,45,4,4,0,1.0085,False,True
2025-08-04,24087,2025-09-17,44,4,4,0,1.002,False,True
2025-08-05,24087,2025-09-17,43,4,4,0,0.9724999999999999,False,True
2025-08-06,24087,2025-09-17,42,4,4,0,1.0010000000000001,False,True
2025-08-07,24087,2025-09-17,41,4,4,0,1.0055,False,True
2025-08-08,24087,2025-09-17,40,4,4,0,0.9955,False,True
2025-08-09,24087,2025-09-17,39,4,4,0,0.9914999999999999,False,True
2025-08-10,24087,2025-09-17,38,4,4,0,1.0050000000000001,False,True
2025-08-11,24087,2025-09-17,37,4,4,0,1.0015,False,True
2025-08-12,24087,2025-09-17,36,4,4,0,0.9994999999999999,False,True
2025-08-13,24087,2025-09-17,35,4,4,0,1.0065,False,True
2025-08-14,24087,2025-09-17,34,4,4,0,0.9984999999999999,False,True
2025-08-15,24087,2025-09-17,33,4,4,0,1.013,False,True
2025-08-16,24087,2025-09-17,32,4,4,0,1.007,False,True
2025-08-17,24087,2025-09-17,31,4,4,0,1.0085000000000002,False,True
2025-08-18,24087,2025-09-17,30,4,4,0,0.9994999999999999,False,True
2025-08-19,24087,2025-09-17,29,4,4,0,0.9924999999999999,False,True
2025-08-20,24087,2025-09-17,28,4,4,0,1.005,False,True
2025-08-21,24087,2025-09-17,27,4,4,0,1.002,False,True
2025-08-22,24087,2025-09-17,26,4,4,0,0.9889999999999999,False,True
2025-08-23,24087,2025-09-17,25,4,4,0,1.006,False,True
2025-08-24,24087,2025-09-17,24,4,4,0,0.9919999999999999,False,True
2025-08-25,24087,2025-09-17,23,4,4,0,0.998,False,True
2025-08-26,24087,2025-09-17,22,4,4,0,1.002,False,True
2025-08-27,24087,2025-09-17,21,4,4,0,1.0045,False,True
2025-08-28,24087,2025-09-17,20,4,4,0,0.9935,False,True
2025-08-29,24087,2025-09-17,19,4,4,0,0.994,False,True
2025-08-30,24087,2025-09-17,18,4,4,0,1.002,False,True
2025-08-31,24087,2025-09-17,17,4,4,0,1.0045000000000002,False,True
2025-09-01,24087,2025-09-17,16,4,4,0,1.005,False,True
2025-09-02,24087,2025-09-17,15,4,4,0,0.9909999999999999,False,True
2025-09-03,24087,2025-09-17,14,4,4,0,0.9979999999999999,False,True
2025-09-04,24087,2025-09-17,13,4,4,0,0.9954999999999999,False,True
2025-09-05,24087,2025-09-17,12,4,4,0,1.01,False,True
2025-09-06,24087,2025-09-17,11,4,4,0,1.003,False,True
2025-09-07,24087,2025-09-17,10,4,4,0,0.994,False,True
2025-09-08,24087,2025-09-17,9,4,4,0,0.9974999999999999,False,True
2025-09-09,24087,2025-09-17,8,4,4,0,1.0010000000000001,False,True
2025-09-10,24087,2025-09-17,7,4,4,0,1.0065,False,True
2025-09-11,24087,2025-09-17,6,4,4,0,1.0005,False,True
2025-09-12,24087,2025-09-17,5,4,4,0,1.0050000000000001,False,True
2025-09-13,24087,2025-09-17,4,4,4,0,0.999,False,True
2025-09-14,24087,2025-09-17,3,4,4,0,0.9964999999999999,False,True
2025-09-15,24087,2025-09-17,2,4,4,0,0.9994999999999999,False,True
2025-09-16,24087,2025-09-17,1,4,4,0,1.0005,False,True
2025-09-17,24087,2025-09-17,0,4,4,0,1.0035,False,True
2025-09-18,27824,2025-10-31,43,4,4,0,1.0045,False,True
2025-09-19,27824,2025-10-31,42,4,4,0,1.0095,False,True
2025-09-20,27824,2025-10-31,41,4,4,0,1.003,False,True
2025-09-21,27824,2025-10-31,40,4,4,0,1.008,False,True
2025-09-22,27824,2025-10-31,39,4,4,0,0.9939999999999999,False,True
2025-09-23,27824,2025-10-31,38,4,4,0,0.9989999999999999,False,True
2025-09-24,27824,2025-10-31,37,4,4,0,0.9979999999999999,False,True
2025-09-25,27824,2025-10-31,36,4,4,0,0.9979999999999999,False,True
2025-09-26,27824,2025-10-31,35,4,4,0,1.0095,False,True
2025-09-27,27824,2025-10-31,34,4,4,0,1.002,False,True
2025-09-28,27824,2025-10-31,33,4,4,0,1.0010000000000001,False,True
2025-09-29,27824,2025-10-31,32,4,4,0,1.0010000000000001,False,True
2025-09-30,27824,2025-10-31,31,4,4,0,0.998,False,True
2025-10-01,27824,2025-10-31,30,4,4,0,1.001,False,True
2025-10-02,27824,2025-10-31,29,4,4,0,1.0015,False,True
2025-10-03,27824,2025-10-31,28,4,4,0,1.0025000000000002,False,True
2025-10-04,27824,2025-10-31,27,4,4,0,1.0,False,True
2025-10-05,27824,2025-10-31,26,4,4,0,1.0035,False,True
2025-10-06,27824,2025-10-31,25,4,4,0,0.996,False,True
2025-10-07,27824,2025-10-31,24,4,4,0,1.0065,False,True
2025-10-08,27824,2025-10-31,23,4,4,0,1.0005,False,True
2025-10-09,27824,2025-10-31,22,4,4,0,0.9949999999999999,False,True
2025-10-10,27824,2025-10-31,21,4,4,0,1.005,False,True
2025-10-11,27824,2025-10-31,20,4,4,0,1.0095,False,True
2025-10-12,27824,2025-10-31,19,4,4,0,1.004,False,True
2025-10-13,27824,2025-10-31,18,4,4,0,1.0035,False,True
2025-10-14,27824,2025-10-31,17,4,4,0,1.0010000000000001,False,True
2025-10-15,27824,2025-10-31,16,4,4,0,0.993,False,True
2025-10-16,27824,2025-10-31,15,4,4,0,1.0005,False,True
2025-10-17,27824,2025-10-31,14,4,4,0,0.9974999999999999,False,True
2025-10-18,27824,2025-10-31,13,4,4,0,1.0014999999999998,False,True
2025-10-19,27824,2025-10-31,12,4,4,0,1.0045,False,True
2025-10-20,27824,2025-10-31,11,4,4,0,0.9979999999999999,False,True
2025-10-21,27824,2025-10-31,10,4,4,0,1.002,False,True
2025-10-22,27824,2025-10-31,9,4,4,0,0.9994999999999999,False,True
2025-10-23,27824,2025-10-31,8,4,4,0,0.9994999999999999,False,True
2025-10-24,27824,2025-10-31,7,4,4,0,1.001,False,True
2025-10-25,27824,2025-10-31,6,4,4,0,0.9999999999999999,False,True
2025-10-26,27824,2025-10-31,5,4,4,0,0.9979999999999999,False,True
2025-10-27,27824,2025-10-31,4,4,4,0,1.001,False,True
2025-10-28,27824,2025-10-31,3,4,4,0,0.9989999999999999,False,True
2025-10-30,27824,2025-10-31,1,4,1,3,0.0005,True,False
2025-10-31,35090,2025-12-10,40,4,4,0,1.0075,False,True
2025-11-01,35090,2025-12-10,39,4,4,0,1.007,False,True
2025-11-02,35090,2025-12-10,38,4,4,0,0.9985,False,True
2025-11-03,35090,2025-12-10,37,4,4,0,0.995,False,True
2025-11-04,35090,2025-12-10,36,4,4,0,0.9939999999999999,False,True
2025-11-05,35090,2025-12-10,35,4,4,0,1.003,False,True
2025-11-06,35090,2025-12-10,34,4,4,0,1.0030000000000001,False,True
2025-11-07,35090,2025-12-10,33,4,4,0,1.004,False,True
2025-11-08,35090,2025-12-10,32,4,4,0,1.008,False,True
2025-11-09,35090,2025-12-10,31,4,4,0,1.005,False,True
2025-11-10,35090,2025-12-10,30,4,4,0,0.9999999999999999,False,True
2025-11-11,35090,2025-12-10,29,4,4,0,0.9999999999999999,False,True
2025-11-12,35090,2025-12-10,28,4,4,0,1.0070000000000001,False,True
2025-11-13,35090,2025-12-10,27,4,4,0,0.991,False,True
2025-11-14,35090,2025-12-10,26,4,4,0,0.9859999999999999,False,True
2025-11-15,35090,2025-12-10,25,4,4,0,1.0050000000000001,False,True
2025-11-16,35090,2025-12-10,24,4,4,0,0.996,False,True
2025-11-17,35090,2025-12-10,23,4,4,0,0.997,False,True
2025-11-18,35090,2025-12-10,22,4,4,0,0.995,False,True
2025-11-19,35090,2025-12-10,21,4,4,0,1.01,False,True
2025-11-20,35090,2025-12-10,20,4,4,0,0.991,False,True
2025-11-21,35090,2025-12-10,19,4,4,0,0.988,False,True
2025-11-22,35090,2025-12-10,18,4,4,0,0.994,False,True
2025-11-23,35090,2025-12-10,17,4,4,0,1.001,False,True
2025-11-24,35090,2025-12-10,16,4,4,0,0.9909999999999999,False,True
2025-11-25,35090,2025-12-10,15,4,4,0,0.9949999999999999,False,True
2025-11-26,35090,2025-12-10,14,4,4,0,1.004,False,True
2025-11-27,35090,2025-12-10,13,4,4,0,1.005,False,True
2025-11-28,35090,2025-12-10,12,4,4,0,1.004,False,True
2025-11-29,35090,2025-12-10,11,4,4,0,0.9949999999999999,False,True
2025-11-30,35090,2025-12-10,10,4,3,1,0.8939999999999999,True,False
2025-12-01,35090,2025-12-10,9,4,4,0,1.003,False,True
2025-12-02,35090,2025-12-10,8,4,4,0,1.002,False,True
2025-12-03,35090,2025-12-10,7,4,4,0,1.008,False,True
2025-12-04,35090,2025-12-10,6,4,4,0,1.008,False,True
2025-12-05,35090,2025-12-10,5,4,4,0,0.9959999999999999,False,True
2025-12-06,35090,2025-12-10,4,4,4,0,0.997,False,True
2025-12-07,35090,2025-12-10,3,4,4,0,1.008,False,True
2025-12-08,35090,2025-12-10,2,4,4,0,1.007,False,True
2025-12-09,35090,2025-12-10,1,4,4,0,0.9969999999999999,False,True
2025-12-10,35090,2025-12-10,0,4,4,0,1.0005,False,True
2025-12-11,45883,2026-01-28,48,4,4,0,1.001,False,True
2025-12-12,45883,2026-01-28,47,4,4,0,1.0005,False,True
2025-12-13,45883,2026-01-28,46,4,4,0,1.004,False,True
2025-12-14,45883,2026-01-28,45,4,4,0,0.998,False,True
2025-12-15,45883,2026-01-28,44,4,4,0,1.0090000000000001,False,True
2025-12-16,45883,2026-01-28,43,4,4,0,0.9999999999999999,False,True
2025-12-17,45883,2026-01-28,42,4,4,0,0.998,False,True
2025-12-18,45883,2026-01-28,41,4,4,0,1.002,False,True
2025-12-19,45883,2026-01-28,40,4,4,0,1.0030000000000001,False,True
2025-12-20,45883,2026-01-28,39,4,4,0,1.002,False,True
2025-12-21,45883,2026-01-28,38,4,4,0,1.002,False,True
2025-12-22,45883,2026-01-28,37,4,4,0,1.002,False,True
2025-12-23,45883,2026-01-28,36,4,4,0,1.002,False,True
2025-12-24,45883,2026-01-28,35,4,4,0,0.999,False,True
2025-12-25,45883,2026-01-28,34,4,4,0,1.006,False,True
2025-12-26,45883,2026-01-28,33,4,4,0,1.006,False,True
2025-12-27,45883,2026-01-28,32,4,4,0,1.006,False,True
2025-12-28,45883,2026-01-28,31,4,4,0,0.997,False,True
2025-12-29,45883,2026-01-28,30,4,4,0,1.0050000000000001,False,True
2025-12-30,45883,2026-01-28,29,4,4,0,1.004,False,True
2025-12-31,45883,2026-01-28,28,4,4,0,1.005,False,True
2026-01-01,45883,2026-01-28,27,4,4,0,1.004,False,True
2026-01-02,45883,2026-01-28,26,4,4,0,1.002,False,True
2026-01-03,45883,2026-01-28,25,4,4,0,1.002,False,True
2026-01-04,45883,2026-01-28,24,4,4,0,1.0010000000000001,False,True
2026-01-05,45883,2026-01-28,23,4,4,0,1.01,False,True
2026-01-06,45883,2026-01-28,22,4,4,0,0.999,False,True
2026-01-07,45883,2026-01-28,21,4,4,0,1.0090000000000001,False,True
2026-01-08,45883,2026-01-28,20,4,4,0,1.01,False,True
2026-01-09,45883,2026-01-28,19,4,4,0,1.01,False,True
2026-01-10,45883,2026-01-28,18,4,4,0,1.002,False,True
2026-01-11,45883,2026-01-28,17,4,4,0,1.001,False,True
2026-01-12,45883,2026-01-28,16,4,4,0,1.0030000000000001,False,True
2026-01-13,45883,2026-01-28,15,4,4,0,1.0015,False,True
2026-01-14,45883,2026-01-28,14,4,4,0,1.0015,False,True
2026-01-15,45883,2026-01-28,13,4,4,0,1.001,False,True
2026-01-16,45883,2026-01-28,12,4,4,0,1.0010000000000001,False,True
2026-01-17,45883,2026-01-28,11,4,4,0,1.0010000000000001,False,True
2026-01-18,45883,2026-01-28,10,4,4,0,1.0015,False,True
2026-01-19,45883,2026-01-28,9,4,4,0,1.001,False,True
2026-01-20,45883,2026-01-28,8,4,4,0,0.998,False,True
2026-01-21,45883,2026-01-28,7,4,4,0,1.001,False,True
2026-01-22,45883,2026-01-28,6,4,4,0,1.001,False,True
2026-01-23,45883,2026-01-28,5,4,4,0,1.001,False,True
2026-01-24,45883,2026-01-28,4,4,4,0,0.998,False,True
2026-01-25,45883,2026-01-28,3,4,3,1,0.0075,True,False
2026-01-26,45883,2026-01-28,2,4,4,0,1.0005,False,True
2026-01-27,45883,2026-01-28,1,4,4,0,0.999,False,True
2026-01-28,45883,2026-01-28,0,4,4,0,1.0010000000000001,False,True
2026-01-29,67284,2026-03-18,48,4,4,0,1.002,False,True
2026-01-30,67284,2026-03-18,47,4,4,0,1.0010000000000001,False,True
2026-01-31,67284,2026-03-18,46,4,4,0,1.004,False,True
2026-02-01,67284,2026-03-18,45,4,4,0,0.992,False,True
2026-02-02,67284,2026-03-18,44,4,4,0,1.0,False,True
2026-02-03,67284,2026-03-18,43,4,4,0,1.0,False,True
2026-02-04,67284,2026-03-18,42,4,4,0,1.0010000000000001,False,True
2026-02-05,67284,2026-03-18,41,4,4,0,1.0090000000000001,False,True
2026-02-06,67284,2026-03-18,40,4,4,0,0.9879999999999999,False,True
2026-02-07,67284,2026-03-18,39,4,4,0,1.0010000000000001,False,True
2026-02-08,67284,2026-03-18,38,4,4,0,1.01,False,True
2026-02-09,67284,2026-03-18,37,4,4,0,0.998,False,True
2026-02-10,67284,2026-03-18,36,4,4,0,0.9989999999999999,False,True
2026-02-11,67284,2026-03-18,35,4,4,0,0.991,False,True
2026-02-12,67284,2026-03-18,34,4,4,0,0.999,False,True
2026-02-13,67284,2026-03-18,33,4,4,0,1.0030000000000001,False,True
2026-02-14,67284,2026-03-18,32,4,4,0,1.0030000000000001,False,True
2026-02-15,67284,2026-03-18,31,4,4,0,1.0050000000000001,False,True
2026-02-16,67284,2026-03-18,30,4,4,0,1.002,False,True
2026-02-17,67284,2026-03-18,29,4,4,0,1.002,False,True
2026-02-18,67284,2026-03-18,28,4,4,0,1.0030000000000001,False,True
2026-02-19,67284,2026-03-18,27,4,3,1,0.069,True,False
2026-02-20,67284,2026-03-18,26,4,4,0,1.0015,False,True
2026-02-21,67284,2026-03-18,25,4,4,0,1.0,False,True
2026-02-22,67284,2026-03-18,24,4,4,0,1.0,False,True
2026-02-23,67284,2026-03-18,23,4,4,0,1.0010000000000001,False,True
2026-02-24,67284,2026-03-18,22,4,4,0,1.0,False,True
2026-02-25,67284,2026-03-18,21,4,4,0,0.996,False,True
2026-02-26,67284,2026-03-18,20,4,4,0,0.9974999999999999,False,True
2026-02-27,67284,2026-03-18,19,4,4,0,1.0,False,True
2026-02-28,67284,2026-03-18,18,4,4,0,1.0015,False,True
2026-03-01,67284,2026-03-18,17,4,4,0,1.0,False,True
2026-03-02,67284,2026-03-18,16,4,4,0,1.0010000000000001,False,True
2026-03-03,67284,2026-03-18,15,4,4,0,0.995,False,True
2026-03-04,67284,2026-03-18,14,4,4,0,1.0010000000000001,False,True
2026-03-05,67284,2026-03-18,13,4,4,0,0.999,False,True
2026-03-06,67284,2026-03-18,12,4,4,0,1.0,False,True
2026-03-07,67284,2026-03-18,11,4,4,0,1.0010000000000001,False,True
2026-03-08,67284,2026-03-18,10,4,4,0,1.0,False,True
2026-03-09,67284,2026-03-18,9,4,4,0,1.0010000000000001,False,True
2026-03-10,67284,2026-03-18,8,4,4,0,1.0005,False,True
2026-03-11,67284,2026-03-18,7,4,4,0,1.0010000000000001,False,True
2026-03-12,67284,2026-03-18,6,4,4,0,1.0010000000000001,False,True
2026-03-13,67284,2026-03-18,5,4,4,0,1.0010000000000001,False,True
2026-03-14,67284,2026-03-18,4,4,4,0,1.0010000000000001,False,True
2026-03-15,67284,2026-03-18,3,4,4,0,1.0,False,True
2026-03-16,67284,2026-03-18,2,4,4,0,0.999,False,True
2026-03-17,67284,2026-03-18,1,4,4,0,0.999,False,True
2026-03-18,67284,2026-03-18,0,4,2,2,0.999,False,False
2026-03-19,75478,2026-04-29,41,4,4,0,1.006,False,True
2026-03-20,75478,2026-04-29,40,4,4,0,1.002,False,True
2026-03-21,75478,2026-04-29,39,4,4,0,1.0005,False,True
2026-03-22,75478,2026-04-29,38,4,4,0,1.0005,False,True
2026-03-23,75478,2026-04-29,37,4,4,0,1.0015,False,True
2026-03-24,75478,2026-04-29,36,4,4,0,1.0,False,True
2026-03-25,75478,2026-04-29,35,4,4,0,0.997,False,True
2026-03-26,75478,2026-04-29,34,4,4,0,0.9975,False,True
2026-03-27,75478,2026-04-29,33,4,4,0,1.0,False,True
2026-03-28,75478,2026-04-29,32,4,4,0,1.0010000000000001,False,True
2026-03-29,75478,2026-04-29,31,4,2,2,0.023,True,False
2026-03-30,75478,2026-04-29,30,4,2,2,0.022000000000000002,True,False
2026-03-31,75478,2026-04-29,29,4,1,3,0.0045,True,False
2026-04-01,75478,2026-04-29,28,4,2,2,0.012,True,False
2026-04-02,75478,2026-04-29,27,4,2,2,0.013999999999999999,True,False
2026-04-03,75478,2026-04-29,26,4,2,2,0.012,True,False
2026-04-04,75478,2026-04-29,25,4,1,3,0.0045,True,False
2026-04-05,75478,2026-04-29,24,4,2,2,0.012,True,False
2026-04-06,75478,2026-04-29,23,4,2,2,0.015,True,False
2026-04-07,75478,2026-04-29,22,4,2,2,0.014,True,False
2026-04-08,75478,2026-04-29,21,4,3,1,0.9974999999999999,False,False
2026-04-09,75478,2026-04-29,20,4,2,2,0.012,True,False
2026-04-10,75478,2026-04-29,19,4,1,3,0.0055,True,False
2026-04-11,75478,2026-04-29,18,4,1,3,0.0045,True,False
2026-04-12,75478,2026-04-29,17,4,1,3,0.0035,True,False
2026-04-15,75478,2026-04-29,14,4,1,3,0.0025,True,False
2026-04-16,75478,2026-04-29,13,4,1,3,0.0025,True,False
2026-04-17,75478,2026-04-29,12,4,1,3,0.0035,True,False
2026-04-18,75478,2026-04-29,11,4,1,3,0.0025,True,False
2026-04-19,75478,2026-04-29,10,4,1,3,0.0025,True,False
2026-04-20,75478,2026-04-29,9,4,1,3,0.0025,True,False
2026-04-21,75478,2026-04-29,8,4,1,3,0.0025,True,False
2026-04-22,75478,2026-04-29,7,4,4,0,1.0,False,True
2026-04-23,75478,2026-04-29,6,4,4,0,1.0010000000000001,False,True
2026-04-24,75478,2026-04-29,5,4,4,0,1.0010000000000001,False,True
2026-04-25,75478,2026-04-29,4,4,4,0,0.999,False,True
2026-04-26,75478,2026-04-29,3,4,4,0,1.0010000000000001,False,True
2026-04-27,75478,2026-04-29,2,4,4,0,1.0,False,True
2026-04-28,75478,2026-04-29,1,4,4,0,1.0,False,True
2026-04-29,75478,2026-04-29,0,4,4,0,1.001,False,True
2026-04-30,101772,2026-06-17,48,5,5,0,1.004,False,True
2026-05-01,101772,2026-06-17,47,5,5,0,1.004,False,True
2026-05-02,101772,2026-06-17,46,5,5,0,1.0090000000000001,False,True
2026-05-03,101772,2026-06-17,45,5,5,0,1.0110000000000001,False,True
2026-05-04,101772,2026-06-17,44,5,5,0,1.0115,False,True
2026-05-05,101772,2026-06-17,43,5,5,0,0.9969999999999999,False,True
2026-05-06,101772,2026-06-17,42,5,5,0,1.0110000000000001,False,True
2026-05-07,101772,2026-06-17,41,5,5,0,1.0070000000000001,False,True
2026-05-08,101772,2026-06-17,40,5,5,0,1.003,False,True
2026-05-09,101772,2026-06-17,39,5,5,0,1.0045000000000002,False,True
2026-05-10,101772,2026-06-17,38,5,5,0,1.0025,False,True
2026-05-11,101772,2026-06-17,37,5,5,0,1.0025,False,True
2026-05-12,101772,2026-06-17,36,5,5,0,1.003,False,True
2026-05-13,101772,2026-06-17,35,5,5,0,1.0025,False,True
2026-05-14,101772,2026-06-17,34,5,5,0,1.0035,False,True
2026-05-15,101772,2026-06-17,33,5,5,0,1.0035,False,True
2026-05-16,101772,2026-06-17,32,5,5,0,1.0035,False,True
2026-05-17,101772,2026-06-17,31,5,5,0,1.0015,False,True
2026-05-18,101772,2026-06-17,30,5,5,0,1.0035,False,True
2026-05-19,101772,2026-06-17,29,5,5,0,1.0025,False,True
2026-05-20,101772,2026-06-17,28,5,5,0,1.0035,False,True
2026-05-21,101772,2026-06-17,27,5,5,0,1.0035,False,True
2026-05-22,101772,2026-06-17,26,5,5,0,1.0025,False,True
2026-05-23,101772,2026-06-17,25,5,5,0,1.0035,False,True
2026-05-24,101772,2026-06-17,24,5,5,0,1.004,False,True
2026-05-25,101772,2026-06-17,23,5,5,0,1.0035,False,True
2026-05-26,101772,2026-06-17,22,5,5,0,1.003,False,True
2026-05-27,101772,2026-06-17,21,5,5,0,1.0045,False,True
2026-05-28,101772,2026-06-17,20,5,5,0,1.0025,False,True
2026-05-30,101772,2026-06-17,18,5,5,0,1.0005,False,True
2026-05-31,101772,2026-06-17,17,5,5,0,1.0015,False,True
2026-06-01,101772,2026-06-17,16,5,5,0,1.0025000000000002,False,True
2026-06-02,101772,2026-06-17,15,5,5,0,1.0035,False,True
2026-06-03,101772,2026-06-17,14,5,5,0,1.0035,False,True
2026-06-04,101772,2026-06-17,13,5,5,0,1.0005,False,True
2026-06-05,101772,2026-06-17,12,5,5,0,1.0035,False,True
2026-06-06,101772,2026-06-17,11,5,5,0,1.0005,False,True
2026-06-07,101772,2026-06-17,10,5,5,0,1.0025,False,True
2026-06-08,101772,2026-06-17,9,5,5,0,1.0005,False,True
2026-06-09,101772,2026-06-17,8,5,5,0,0.9994999999999999,False,True
2026-06-10,101772,2026-06-17,7,5,5,0,1.0025,False,True
2026-06-11,101772,2026-06-17,6,5,5,0,1.0015,False,True
2026-06-12,101772,2026-06-17,5,5,5,0,1.0015,False,True
2026-06-13,101772,2026-06-17,4,5,5,0,1.0015,False,True
2026-06-14,101772,2026-06-17,3,5,5,0,1.0015,False,True
2026-06-15,101772,2026-06-17,2,5,5,0,1.0014999999999998,False,True
2026-06-16,101772,2026-06-17,1,5,5,0,1.0015,False,True
2026-06-17,101772,2026-06-17,0,5,5,0,1.003,False,True
