data,ir,beta
2025-02-10,,
2025-02-11,,
2025-02-12,,
2025-02-13,,
2025-02-14,,
2025-02-18,,
2025-02-19,,
2025-02-20,,
2025-02-21,,
2025-02-24,,
2025-02-25,,
2025-02-26,,
2025-02-27,,
2025-02-28,,
2025-03-03,,
2025-03-04,,
2025-03-05,,
2025-03-06,,
2025-03-07,,
2025-03-10,,
2025-03-11,,
2025-03-12,,
2025-03-13,,
2025-03-14,,
2025-03-17,,
2025-03-18,,
2025-03-19,,
2025-03-20,,
2025-03-21,,
2025-03-24,,
2025-03-25,,
2025-03-26,,
2025-03-27,,
2025-03-28,,
2025-03-31,,
2025-04-01,,
2025-04-02,,
2025-04-03,,
2025-04-04,,
2025-04-07,,
2025-04-08,,
2025-04-09,,
2025-04-10,,
2025-04-11,,
2025-04-14,,
2025-04-15,,
2025-04-16,,
2025-04-17,,
2025-04-21,,
2025-04-22,,
2025-04-23,,
2025-04-24,,
2025-04-25,,
2025-04-28,,
2025-04-29,,
2025-04-30,,
2025-05-01,,
2025-05-02,,
2025-05-05,,
2025-05-06,,
2025-05-07,,
2025-05-08,,
2025-05-09,0.6358190222438382,0.972492848811122
2025-05-12,-0.16367822965893547,0.9617281618724758
2025-05-13,0.0988920495211526,0.9623059369504394
2025-05-14,-0.09407859528827148,0.9624735443817436
2025-05-15,0.008342358724035293,0.9629333586710949
2025-05-16,-0.07096480493434638,0.962815466823677
2025-05-19,-0.13712191039283936,0.9627358328630224
2025-05-20,-0.2409706413951123,0.9626927740314564
2025-05-21,-0.196072998618575,0.9624549109954595
2025-05-22,-0.16291986221264743,0.9615232746926927
2025-05-23,-0.17790996404436576,0.9615984287028773
2025-05-27,-0.044513852655304116,0.9622259435477615
2025-05-28,-8.096207237536966e-06,0.9620743712981558
2025-05-29,-0.03439932775371277,0.9620589651367552
2025-05-30,-0.4691731634925478,0.9593754263424333
2025-06-02,-0.4538282807247463,0.9587858828533591
2025-06-03,-0.43411090690149656,0.9585945399619613
2025-06-04,-0.21598509721553022,0.9589649389798609
2025-06-05,-0.12492316993967621,0.9587548142788218
2025-06-06,-0.0698837194946309,0.9590802678075603
2025-06-09,-0.03640974916211853,0.9566318507783391
2025-06-10,0.012857291574062159,0.9567777517231166
2025-06-11,0.07691789990268581,0.9579889272391007
2025-06-12,0.04235233363820401,0.9579387111406925
2025-06-13,0.03560947335370731,0.9570060003931171
2025-06-16,0.004749247595006406,0.9570050911402268
2025-06-17,0.065850084359664,0.9565507149522094
2025-06-18,0.23876648401778397,0.9572122191949588
2025-06-20,0.3353886596606279,0.9570103054399633
2025-06-23,0.41646544475752384,0.9572712327592712
2025-06-24,0.434420354406455,0.95726556737744
2025-06-25,0.5468591388838336,0.9573139561799924
2025-06-26,0.6184921517541077,0.9566874744273791
2025-06-27,0.8227930331854518,0.9563451191845393
2025-06-30,0.8156678908447225,0.9549501862358174
2025-07-01,0.7115180238262998,0.955214011162442
2025-07-02,0.5957822936625843,0.9551542226274027
2025-07-03,0.688289271711305,0.9554350286313973
2025-07-07,1.1319470350100056,0.9394233318932502
2025-07-08,0.6894041856599921,0.9426212913616395
2025-07-09,0.642629869758257,0.9428814408485686
2025-07-10,0.8133000445806513,0.9383314531410611
2025-07-11,0.9364310362444106,0.8558670745151429
2025-07-14,0.39686597348126207,0.8710629171341377
2025-07-15,0.13537136282775683,0.8365335382488535
2025-07-16,0.03870162492650726,0.8319887235025023
2025-07-17,0.15464999514417743,0.8303120461523422
2025-07-18,0.1853069280584258,0.8143954586689489
2025-07-21,1.1419079810045816,0.8112664468209911
2025-07-22,0.24561893701871873,0.8364997335444911
2025-07-23,1.12722721911924,0.8739435540134417
2025-07-24,1.010462484979822,0.8627059586891218
2025-07-25,0.8120414772691242,0.8437809297754233
2025-07-28,0.6378090321831447,0.84031359955399
2025-07-29,0.7066620795890073,0.841298820085627
2025-07-30,0.7771990214103396,0.8431892877229235
2025-07-31,0.3203546480531679,0.846918682357463
2025-08-01,0.11643245617640967,0.8419101763022712
2025-08-04,1.2178261834368251,0.872465407220612
2025-08-05,0.4369954493007817,0.8845639112648508
2025-08-06,0.042142898315802715,0.8919487707904488
2025-08-07,0.17604597639065386,0.8907263218470328
2025-08-08,0.5829308899964514,0.8946086823491208
2025-08-11,0.5044888666420856,0.8953638622815228
2025-08-12,1.9797659416344953,0.9614626861194273
2025-08-13,1.6068782388259983,0.9578666937140835
2025-08-14,1.6625993089247317,0.9581450691475925
2025-08-15,1.6887740369348692,0.9585124227427638
2025-08-18,1.841893195056285,0.9598619099770269
2025-08-19,1.796791296590813,0.9627715256604004
2025-08-20,1.8381877904814414,0.9622337139144401
2025-08-21,1.8523105465062677,0.9620427829814245
2025-08-22,2.3185946226966054,0.9750408587715997
2025-08-25,2.2733478993819998,0.9749481591268607
2025-08-26,2.4956566665087414,0.9708677456670155
2025-08-27,2.5834003727408947,0.9729285277521834
2025-08-28,2.340889748658161,0.9718477874805852
2025-08-29,2.7924426832136677,0.9693426949434847
2025-09-02,2.8997927791097355,0.9700594825580435
2025-09-03,2.7634704375716312,0.9688000455666866
2025-09-04,2.3189599693500966,0.9667616978460725
2025-09-05,1.8839331582013132,0.9730364037884588
2025-09-08,1.4394854508116088,0.9698668319173855
2025-09-09,1.5676635143237894,0.9696249284369712
2025-09-10,1.345561320467567,0.9674734316010645
2025-09-11,1.270566281806202,0.9494675018695125
2025-09-12,1.3462421610512254,0.9492198487551788
2025-09-15,1.4131739954793852,0.9488140264066172
2025-09-16,1.0621759757041669,0.9458232923106104
2025-09-17,0.9493966403744627,0.9452208263518813
2025-09-18,1.0712625858843223,0.9469074232554284
2025-09-19,1.060020956704553,0.9494125088917346
2025-09-22,0.812022816613429,0.9445820559569751
2025-09-23,0.9238296170408928,0.9452483255981071
2025-09-24,0.7673574829917307,0.9470538317004397
2025-09-25,0.4928861335625304,0.9500479801176743
2025-09-26,0.4689800026654665,0.9501135551888715
2025-09-29,0.3488377909077783,0.9498385179924667
2025-09-30,0.8000182956467363,0.949056674473664
2025-10-01,0.9204347621587813,0.9496605246378566
2025-10-02,0.6440535482670424,0.947075223813311
2025-10-03,0.275360273846103,0.9536470969766894
2025-10-06,0.7110234061492345,0.9530778786115448
2025-10-07,0.7276410786078252,0.9505386544241824
2025-10-08,0.9535895991787106,0.9527464114358651
2025-10-09,0.4496880999477497,0.9596249256014632
2025-10-10,-0.03976550339908452,0.9886671889517931
2025-10-13,-0.8101570651346113,1.0108029241069818
2025-10-14,-1.4474935956438528,1.0108075690774905
2025-10-15,-1.376953503798864,1.0111479750621117
2025-10-16,-1.7886152018621773,1.0123041627962415
2025-10-17,-2.1027650245738414,1.0104781436932186
2025-10-20,-1.8894522749901026,1.0092665638129374
2025-10-21,-1.2919889459519354,1.0159781535588628
2025-10-22,-1.217745640627692,1.0135567187970167
2025-10-23,-0.9757797950115391,1.0149452119267466
2025-10-24,0.27878872132143223,1.0297270381626076
2025-10-27,0.7823201475502547,1.0369132023477532
2025-10-28,1.7314891114994726,1.0390910247345722
2025-10-29,2.589854606498125,1.0364599511598358
2025-10-30,2.55768431903353,1.043847750873953
2025-10-31,2.3290095960427806,1.0399063027733684
2025-11-03,2.6853558432967195,1.036364350392359
2025-11-04,2.1587335289911738,1.0513503750481465
2025-11-05,1.7647113367679588,1.0505804348764576
2025-11-06,2.3359839784086702,1.0382415236986213
2025-11-07,2.9860967402464293,1.0376260478474117
2025-11-10,2.855239424212693,1.0272214390246404
2025-11-11,3.406998507576722,1.0302370380153987
2025-11-12,3.4380769604673413,1.030051318775615
2025-11-13,2.626906511399795,1.0604619863812814
2025-11-14,2.6434046226481938,1.0604142439175526
2025-11-17,2.6900374096042143,1.0594365187749097
2025-11-18,2.8209421947382523,1.0560651885629386
2025-11-19,2.0617816900553048,1.051977709731461
2025-11-20,2.4986069558026696,1.0061058428576886
2025-11-21,2.6040421855595945,1.005761860965807
2025-11-24,2.333557011434927,0.9982688211183715
2025-11-25,2.2672692175881752,0.9986509790735429
2025-11-26,2.455918995000576,1.0003988769434675
2025-11-28,2.3829969439218597,0.9995947908723186
2025-12-01,2.313343158769974,1.0007274456936035
2025-12-02,2.359906718527419,1.0017999860316438
2025-12-03,2.550024827149227,1.0050547379996124
2025-12-04,2.453778355551306,1.0044790064910638
2025-12-05,2.5913951589010167,1.0051691908088825
2025-12-08,2.5358939476119455,1.0064835487457455
2025-12-09,2.4383749592642814,1.0076051424270795
2025-12-10,2.984084538458565,1.0180261613728454
2025-12-11,2.9278914495858444,1.0177511698908412
2025-12-12,2.967199734097787,1.0145118954001497
2025-12-15,2.9934778061533067,1.0144227218833253
2025-12-16,2.8832808474560383,1.015614852401322
2025-12-17,2.8888634356709186,1.0129432873145339
2025-12-18,2.404819970285471,1.0045446009665893
2025-12-19,2.3846099072012716,1.002701269020121
2025-12-22,2.310950466891869,1.0010516327437577
2025-12-23,2.34098860905327,0.9999040847272472
2025-12-24,2.447974439324626,0.9972777223892455
2025-12-26,2.2860996938303497,0.9975594517364226
2025-12-29,2.423462560021294,0.9985690843417238
2025-12-30,2.3233887691685524,0.9988459913817568
2025-12-31,2.201023269200951,1.000461746227459
2026-01-02,2.298126299889324,1.0005725615430086
2026-01-05,2.25053722399904,0.9987257889356189
2026-01-06,2.148315379945528,0.9975249924723363
2026-01-07,2.0222689098159066,0.9987964872910089
2026-01-08,1.9799103180934516,0.9987714011841007
2026-01-09,1.966686566425593,0.9961420655317719
2026-01-12,2.1949507431561615,0.9787266234664803
2026-01-13,2.117165374923167,0.9685903190443825
2026-01-14,2.6739359431500107,0.9593626239206595
2026-01-15,2.5483570281197334,0.9583924549249894
2026-01-16,2.739244201991851,0.9550670851664694
2026-01-20,2.482910775744038,0.9868966849120533
2026-01-21,2.6115575530702935,0.9913374187507488
2026-01-22,2.7546608110578563,0.9934086478684109
2026-01-23,2.508365037815893,0.9944177646807468
2026-01-26,2.4499079545839537,0.9936006785524365
2026-01-27,1.9508862718324214,0.9799170417885561
2026-01-28,2.2267758061062857,0.9706023806689171
2026-01-29,2.0575458576414074,0.9640964939380849
2026-01-30,1.5028687007993147,0.9620649928646071
2026-02-02,0.5569681540683437,0.9574851559047108
2026-02-03,1.4312041774133606,0.9297599979439514
2026-02-04,2.0463613985612334,0.9138786812399242
2026-02-05,2.5531503641731805,0.8904351133025504
2026-02-06,2.4705054465624454,0.8868139049100341
2026-02-09,1.8999391325221868,0.8888945231420309
2026-02-10,1.7725430941872626,0.8850260583270146
2026-02-11,2.417964684241534,0.8928993812941854
2026-02-12,2.57495704856941,0.8597119751773964
2026-02-13,2.9456256917065433,0.8607272921433381
2026-02-17,3.101381454739147,0.8129133914399539
2026-02-18,2.787524965803056,0.8081597201912776
2026-02-19,2.961905310367901,0.7985177357405248
2026-02-20,2.9074453290276314,0.7962381781442529
2026-02-23,3.82760492656169,0.7868825722268729
2026-02-24,3.3511775958752854,0.8116356355177984
2026-02-25,2.6829776823166713,0.7916553069521731
2026-02-26,2.992933509549574,0.7829331787788695
2026-02-27,3.462337628384267,0.7621692117177878
2026-03-02,2.8541825333605013,0.7574997209905895
2026-03-03,2.780862029874859,0.7700573452236356
2026-03-04,2.3341449061747737,0.7546021997665089
2026-03-05,1.7519109338203653,0.7741463539120929
2026-03-06,2.0975216974265027,0.7565475050309002
2026-03-09,1.8959093080467313,0.7498964286977775
2026-03-10,1.69906231418411,0.7522281594036874
2026-03-11,1.3650166939111719,0.7529384398813874
2026-03-12,1.5597463092034052,0.7620373178832989
2026-03-13,1.639069501119941,0.7545094722197062
2026-03-16,1.6403900229716915,0.7609488933869404
2026-03-17,1.6556926126665672,0.7571467836884807
2026-03-18,1.7031313577071532,0.7712668977864011
2026-03-19,1.629322760427837,0.7717443811615748
2026-03-20,1.5026608334731317,0.7845330018569631
2026-03-23,1.6266849735166447,0.7901555681007598
2026-03-24,1.6095701254425443,0.7904722298265769
2026-03-25,1.626420350911087,0.7906196186602079
2026-03-26,1.5966608094572756,0.8100918787541049
2026-03-27,1.6547393242433401,0.8202363836089794
2026-03-30,1.6626696521550761,0.8216175022496361
2026-03-31,1.030261550986235,0.7945773707300189
2026-04-01,1.0466210284128077,0.7965102255998221
2026-04-02,1.0789922887552188,0.7934504867739747
2026-04-06,1.1698446460414056,0.7958039001469951
2026-04-07,0.7673112527128997,0.7936604223884811
2026-04-08,0.7710749265346709,0.8157516554748057
2026-04-09,0.9661587718723724,0.8187635362243691
2026-04-10,0.9578823614898364,0.8188183057942854
2026-04-13,1.0051631210512508,0.821344892999056
2026-04-14,0.9602694731894892,0.8251562638426612
2026-04-15,0.8948419187592159,0.8268040853598597
2026-04-16,0.6249995724684249,0.8302087612565837
2026-04-17,0.6768117652652429,0.8340183836314216
2026-04-20,0.5708401141446813,0.8345902516943313
2026-04-21,0.7747257408547932,0.8094606642030558
2026-04-22,0.7355078419910427,0.8070713650725645
2026-04-23,0.7269435715673009,0.80427271796731
2026-04-24,0.8793985565104233,0.80706412106957
2026-04-27,0.9613679069504714,0.8070490260677706
2026-04-28,0.94064400934872,0.8086600391105304
2026-04-29,0.5730012899721005,0.809312767616416
2026-04-30,0.4383212949821876,0.8156932282079302
2026-05-01,0.42138470680288015,0.8169204274680187
2026-05-04,0.8871341472158198,0.8219558032883638
2026-05-05,0.12387517789916516,0.8356526230889627
2026-05-06,-0.6825372698855147,0.8472167879453946
2026-05-07,-0.8611131694751907,0.850033028880125
2026-05-08,-0.6113365297438457,0.8521026823969131
2026-05-11,-0.30760152986846695,0.8543828243043798
2026-05-12,-0.47515407361760986,0.8562763542887264
2026-05-13,-0.8336985740751087,0.8584627718874188
2026-05-14,-1.6270084326371461,0.881149790295301
2026-05-15,-1.9712974211196455,0.8821108779130203
2026-05-18,-1.7073501123627302,0.8824687578206882
2026-05-19,-1.5104913035780656,0.8865237770409018
2026-05-20,-1.7496674792057307,0.8884022930896717
2026-05-21,-1.8417391338213747,0.8869304593178435
2026-05-22,-2.6390414557405926,0.9009820397635002
2026-05-26,-2.5039438871184156,0.9022952135552805
2026-05-27,-2.0562609091658843,0.9096560922255684
2026-05-28,-2.2871844705993176,0.9148125522489275
2026-05-29,-1.8754457157525497,0.9289891337848251
2026-06-01,-1.4199960773305653,0.92768349446429
2026-06-02,-1.3602265819561734,0.9238542243780093
2026-06-03,-0.9229109437420409,0.9308832104121398
2026-06-04,-0.3214527275671802,0.918741438708184
2026-06-05,-1.2165148136739334,0.9563383171102743
2026-06-08,-0.7916331602135606,0.9612802475375886
2026-06-09,-0.49329198668338553,0.9596103531447452
2026-06-10,0.6691018242082318,0.9402162615274078
2026-06-11,0.3568638921456056,0.9418204126144055
2026-06-12,-0.00659279098315389,0.9443559815538503
2026-06-15,-0.12493787134196281,0.9426737276143428
2026-06-16,-0.12483305245386948,0.9410551564146834
2026-06-17,-0.9639338316271391,0.9643309855017179
2026-06-18,-0.894259006755063,0.9608395583738137
2026-06-22,-0.7083371751192326,0.9554236760403537
2026-06-23,-0.4890138438825058,0.957533291981188
2026-06-24,-0.3134329937742598,0.9559728490254662
2026-06-25,-0.4045582396213208,0.9561010231305369
2026-06-26,-0.3769939172135558,0.9522799914660871
2026-06-29,-0.5620583805456995,0.9507865208606213
2026-06-30,-0.45956446855762945,0.9497587086254003
2026-07-01,1.2869315545813167,0.9876730023283173
2026-07-02,1.1716393111149246,0.989425086114139
2026-07-06,1.0582440528128547,0.9873721364241714
2026-07-07,0.8828736022966932,0.9878178066692362
2026-07-08,1.6270711804605704,0.9852875417196368
2026-07-09,1.6379087718951886,0.9856363450847618
2026-07-10,1.3855577825997125,0.9830179623060957
2026-07-13,1.4013800741512397,0.9836869469687978
2026-07-14,0.352866803744981,0.9785847315808243
2026-07-15,0.3278349006021857,0.9779660817994353
2026-07-16,0.3795377469309868,0.9771665560381638
2026-07-17,0.28893247697204194,0.9808475294124582
2026-07-20,0.2531188026866523,0.9807321454513835
2026-07-21,0.28724470103934446,0.9815728927655298
2026-07-22,0.29332835919960537,0.9812276098503042
2026-07-23,0.34641974990019714,0.9776453475738889
2026-07-24,0.2162855772978618,0.9794483817639388
2026-07-27,0.3200538106668769,0.9772464868800248
2026-07-28,0.20485584361411888,0.9768225674936147
2026-07-29,-0.16019603155886925,0.9957438707725412
2026-07-30,-1.5028996666159704,0.9109775857258661
2026-07-31,-1.594279022391367,0.9068542451787694
2026-08-03,-1.6782600417120177,0.9108238634541187
2026-08-04,-1.7162015314069803,0.918189920358347
2026-08-05,-1.605175899874517,0.9193564877144529
2026-08-06,-1.5237714351800964,0.9190997849075032
