view,mercado,conditionId,n_trades_total,bateu_cap_20k,t_cobertura_min,primeiro_slot,ultimo_slot
2.2,CPI_G4_janeiro-2026_january-inflation-us-monthly_will-monthly-inflation-increase-by-0pt1,0xa7e1a7561e1866aa345c0be640df952e1d41decf0a5c4bb571f077142fed025d,1112,não,2025-12-20 05:53:50,2025-12-20 00:00,2026-02-13 12:00
2.2,CPI_G4_janeiro-2026_january-inflation-us-monthly_will-monthly-inflation-increase-by-0pt2,0x8253528e603b5cabb8ab45d1e1209bda57aa2a9f6f0d61aba7ad0a38147a86ee,1096,não,2025-12-21 13:29:49,2025-12-20 00:00,2026-02-13 12:00
2.2,CPI_G4_janeiro-2026_january-inflation-us-monthly_will-monthly-inflation-increase-by-0pt3,0xff8bf331f7ddbdd2e92e27dcd273612ec45fefde3cf70039c4f043eaec0000c6,835,não,2026-01-02 15:30:19,2025-12-20 00:00,2026-02-13 12:00
2.2,CPI_G4_janeiro-2026_january-inflation-us-monthly_will-monthly-inflation-increase-by-0pt4,0x892231e7fd3ac31a3b321002f909e011180b709af074808908d27a2a32a7b546,772,não,2026-01-02 15:30:19,2025-12-20 00:00,2026-02-13 12:00
2.2,CPI_G4_janeiro-2026_january-inflation-us-monthly_will-monthly-inflation-increase-by-0pt5,0xb83cf6cdfe9973219d19fb70f863ec9b713a313609db51839eeb34f7acf275ad,808,não,2025-12-22 10:21:09,2025-12-20 00:00,2026-02-13 12:00
2.2,CPI_april-inflation-us-monthly_will-monthly-inflation-increase-by-0pt3,0xb01fbf9c684f7a5fca30c6ac41134d4cca688dcd1bef5dc873d48fe6be8317f9,249,não,2026-04-10 21:11:07,2026-04-12 00:00,2026-05-12 12:00
2.2,CPI_april-inflation-us-monthly_will-monthly-inflation-increase-by-0pt4,0x65a322d77cd5988d7c95feaee452b8bb8215821cda80efd8d0b739f226fbaf12,368,não,2026-04-11 21:23:57,2026-04-20 12:00,2026-05-12 12:00
2.2,CPI_april-inflation-us-monthly_will-monthly-inflation-increase-by-0pt5,0x42e32bd8f228f746250da57ea47dfc9b1532116e96383f20eb55bae9eb3df424,350,não,2026-04-11 21:23:57,2026-04-20 12:00,2026-05-12 12:00
2.2,CPI_april-inflation-us-monthly_will-monthly-inflation-increase-by-0pt6,0xc421931cda8274a8a7f692cd1cc996ae0276b366432bf966f1da3b31ab462eb7,406,não,2026-04-11 21:23:57,2026-04-19 00:00,2026-05-12 12:00
2.2,CPI_april-inflation-us-monthly_will-monthly-inflation-increase-by-0pt7,0xfe6a33f987eaa141427e66ca251af7c02856ed9d8ae8bd0c219b46720a9fedf2,257,não,2026-04-11 21:23:57,2026-04-13 00:00,2026-05-12 12:00
2.2,CPI_april-inflation-us-monthly_will-monthly-inflation-increase-by-0pt8,0x8c8247ff58c630c39b641fb19c96d467628622334ad74d941fe25d67c4856388,220,não,2026-04-11 21:04:37,2026-04-12 00:00,2026-05-12 12:00
2.2,CPI_april-inflation-us-monthly_will-monthly-inflation-increase-by-0pt9,0x198a6123b14e9cf212683f567c638b8eabff44a45a3913c2082c87b777b08500,146,não,2026-04-11 21:04:33,2026-04-11 00:00,2026-05-12 12:00
2.2,CPI_april-inflation-us-monthly_will-monthly-inflation-increase-by-1pt0,0xda64635b4a492181abfd19854ad7350990a9caa66d86e40346011b2b0c2a89c2,159,não,2026-04-11 09:01:29,2026-04-19 00:00,2026-05-12 12:00
2.2,CPI_april-inflation-us-monthly_will-monthly-inflation-increase-by-1pt1,0xae870bf8ebd2a2dfed564087112ae7a1ef92b2e749509907f442756af8f08398,151,não,2026-04-11 09:01:21,2026-04-12 00:00,2026-05-12 12:00
2.2,CPI_august-inflation-monthly_will-monthly-inflation-increase-by-0pt0,0x0ffd1df5a02c96af687204efde9f2cd31c0c50ca7ab5429aa5cf8663e1612ba5,1005,não,2025-08-13 00:57:41,2025-08-13 00:00,2025-09-11 12:00
2.2,CPI_august-inflation-monthly_will-monthly-inflation-increase-by-0pt1,0xead11be8b5abb1ac2b21fb0e2196c6694218947fea5108dabb6b216f1dec9845,966,não,2025-08-13 00:57:41,2025-08-13 00:00,2025-09-11 12:00
2.2,CPI_august-inflation-monthly_will-monthly-inflation-increase-by-0pt2,0xe4f70f955092f6242ff5190d0cf6395a79be8d95424a4ce3cdf64b0848e20189,936,não,2025-08-12 22:35:57,2025-08-13 00:00,2025-09-11 12:00
2.2,CPI_august-inflation-monthly_will-monthly-inflation-increase-by-0pt3,0x618d591da9f0b8d217db5531604d70e48184e9c5497a53cf8bb3280352ecf499,1213,não,2025-08-12 21:57:17,2025-08-13 00:00,2025-09-11 12:00
2.2,CPI_august-inflation-monthly_will-monthly-inflation-increase-by-0pt4,0x7028534bfb076b68629b57aa51a7ed8630f3b19453405bf053d37b15f54d3e3b,1291,não,2025-08-13 00:57:43,2025-08-13 00:00,2025-09-11 12:00
2.2,CPI_december-inflation-monthly_will-monthly-inflation-increase-by-0pt3,0x043234697d09721ffa9cb76a9bdb40a3152cb368c4ec1021d06a97f88c9f807d,54,não,2025-01-13 21:43:01,2025-01-14 00:00,2025-01-15 12:00
2.2,CPI_december-inflation-monthly_will-monthly-inflation-increase-by-0pt4,0x8eed3fbd564f5719467b8848a5a3ee5685cabeb9e0051ef3c26bae8d23c82717,45,não,2025-01-13 21:43:01,2025-01-14 00:00,2025-01-15 12:00
2.2,CPI_december-inflation-monthly_will-monthly-inflation-increase-by-0pt5,0x6cfcead387732b25f719e01a1f52ad8f481a24efd953e156babe7306ddbf7260,73,não,2025-01-13 21:43:01,2025-01-14 00:00,2025-01-15 12:00
2.2,CPI_december-inflation-us-monthly_will-monthly-inflation-increase-by-0pt1,0xdac3700796cbac24c9122f4c80b90678c4043de19d2dc2889825b9392971c7ea,728,não,2025-12-06 00:21:03,2025-12-06 00:00,2026-01-13 12:00
2.2,CPI_december-inflation-us-monthly_will-monthly-inflation-increase-by-0pt2,0x26ebfec9fc5419bf2f7ca33d0a49d5b855fefd5012fc959ae32ad2ea95729d54,909,não,2025-12-06 00:21:03,2025-12-06 00:00,2026-01-13 12:00
2.2,CPI_december-inflation-us-monthly_will-monthly-inflation-increase-by-0pt3,0x084cb533ce8f4b7a8ec074bd742de320f48601648480666b60f8186653c5d533,814,não,2025-12-06 00:21:01,2025-12-06 00:00,2026-01-13 12:00
2.2,CPI_december-inflation-us-monthly_will-monthly-inflation-increase-by-0pt4,0x459538a4d3d80d5ca8861a885f776af15cb35a04007a7e4d4c35ebca1f6bda98,652,não,2025-12-06 00:21:03,2025-12-06 00:00,2026-01-13 12:00
2.2,CPI_december-inflation-us-monthly_will-monthly-inflation-increase-by-0pt5,0xe83e014bb9dd9896dab2993553f6009ad1b1286df99c5c244afba73e4a8e086c,636,não,2025-12-06 00:21:03,2025-12-06 00:00,2026-01-13 12:00
2.2,CPI_february-inflation-monthly_will-monthly-inflation-increase-by-0pt1,0x5e1f8f243e8dfcc8822ec886741e74fb2fe1d34bda3810511ce32d62b0f22d46,399,não,2025-02-08 16:10:10,2025-02-08 00:00,2025-03-12 12:00
2.2,CPI_february-inflation-monthly_will-monthly-inflation-increase-by-0pt2,0xf576d637a7968871e7eb1f9cf6d945fd278eb38f6364fa84724b85defbbb74cc,180,não,2025-02-08 01:30:28,2025-02-08 00:00,2025-03-12 12:00
2.2,CPI_february-inflation-monthly_will-monthly-inflation-increase-by-0pt3,0xead6f5408bde9f184be018773c131a3d39c091be029b122b98c4c485d3ac01be,377,não,2025-02-07 23:30:01,2025-02-08 00:00,2025-03-12 12:00
2.2,CPI_february-inflation-monthly_will-monthly-inflation-increase-by-0pt4,0xb521536d734e85555cd3dd567ecddec02db182eed276c85abb6e9c9f83cac0ea,119,não,2025-02-08 16:10:10,2025-02-08 00:00,2025-03-12 12:00
2.2,CPI_february-inflation-monthly_will-monthly-inflation-increase-by-0pt5,0xbe55fb3cb6873c9487969eb212ca59cc4600dfafe4e41e39af10e0d718a606d1,413,não,2025-02-08 16:10:10,2025-02-08 00:00,2025-03-12 12:00
2.2,CPI_january-inflation-monthly_will-monthly-inflation-increase-by-0pt1,0x14157ce8844eb963c4dc36c7e3499408eaf89fa4ecb63114f798dcd9dbcdf8ad,473,não,2025-01-16 07:23:17,2025-01-16 00:00,2025-02-12 12:00
2.2,CPI_january-inflation-monthly_will-monthly-inflation-increase-by-0pt2,0xe97292463060c54374f764cdc74f56974832e5c3318e395a72c99fc8dc7373c4,460,não,2025-01-16 07:23:29,2025-01-16 00:00,2025-02-12 12:00
2.2,CPI_january-inflation-monthly_will-monthly-inflation-increase-by-0pt3,0x5363ffdc02613b09ef90f685596bbfd0212eeaa88ad635a89daf76452982033f,553,não,2025-01-16 07:23:31,2025-01-16 00:00,2025-02-12 12:00
2.2,CPI_january-inflation-monthly_will-monthly-inflation-increase-by-0pt4,0xd712dd34946bb296f69e372b77bfab77eccf074d7cdc7c2925c5703d12ab0f11,363,não,2025-01-16 06:47:03,2025-01-16 00:00,2025-02-12 12:00
2.2,CPI_july-inflation-monthly_will-monthly-inflation-increase-by-0pt0,0xa4dfc7605cd7665efd5af6c5e072b93b8658ec5cc884995751d9ba812999dd63,1792,não,2025-07-15 21:04:27,2025-07-16 00:00,2025-08-12 12:00
2.2,CPI_july-inflation-monthly_will-monthly-inflation-increase-by-0pt1,0xc462c9f3092ca958620b2404a1dee04081901d93fd72392b69afaf550e7fdc41,1624,não,2025-07-15 21:04:19,2025-07-16 00:00,2025-08-12 12:00
2.2,CPI_july-inflation-monthly_will-monthly-inflation-increase-by-0pt2,0x8f77c988f0d59c586025889f673665be989e11a428a11f3e53299651c3d2c0bc,1804,não,2025-07-15 19:16:30,2025-07-16 00:00,2025-08-12 12:00
2.2,CPI_july-inflation-monthly_will-monthly-inflation-increase-by-0pt3,0x21706f8aef9aa3c1568c4354268669bdaa416026876afe3d0972a8a2ab844ea2,1495,não,2025-07-15 19:09:56,2025-07-16 00:00,2025-08-12 12:00
2.2,CPI_july-inflation-monthly_will-monthly-inflation-increase-by-0pt4,0xafbd236a95daa3a0fd8fbc8a92781726bb3abb4c572c2aa0e3cce9a0bacac1b3,1574,não,2025-07-15 22:56:15,2025-07-16 00:00,2025-08-12 12:00
2.2,CPI_july-inflation-monthly_will-monthly-inflation-increase-by-0pt5,0x9e6b5a9bc1c103c4860140d7492008dc7fb82ade4da2423e4899d129da07fc44,1629,não,2025-07-15 18:46:06,2025-07-16 00:00,2025-08-12 12:00
2.2,CPI_july-inflation-us-monthly-20260714151042665_will-monthly-inflation-decrease-by-0pt1,0x59ad4a7e8fb389d617896ce4286ac09eca0438ebede21a5dc8fb2dd72efa8f41,322,não,2026-07-14 21:08:53,2026-07-15 00:00,2026-07-29 12:00
2.2,CPI_july-inflation-us-monthly-20260714151042665_will-monthly-inflation-decrease-by-0pt2,0x63f57ba535e250c0e5b168e4ad3b268215f2e7f962fa92820afdbbdc7e7dc178,124,não,2026-07-14 21:08:59,2026-07-15 00:00,2026-07-29 12:00
2.2,CPI_july-inflation-us-monthly-20260714151042665_will-monthly-inflation-decrease-by-0pt3,0xc7dde813a16c8ec829ce13f3449c197e21d1d16716adfbfe95667151833cf24b,125,não,2026-07-14 21:08:53,2026-07-15 00:00,2026-07-29 12:00
2.2,CPI_july-inflation-us-monthly-20260714151042665_will-monthly-inflation-decrease-by-0pt4,0xdf6600318616976361cec04ea9014be18b2e71593f4e0c59393bec345b9b86ef,120,não,2026-07-15 07:21:07,2026-07-15 00:00,2026-07-29 12:00
2.2,CPI_july-inflation-us-monthly-20260714151042665_will-monthly-inflation-decrease-by-0pt5,0x4fb822b59cbe5ec0ff3239075bddd38babb83abe8ad3894f65e0b5a2b71ede50,112,não,2026-07-14 21:08:53,2026-07-15 00:00,2026-07-28 12:00
2.2,CPI_july-inflation-us-monthly-20260714151042665_will-monthly-inflation-decrease-by-0pt6,0xfe8eede95ceb57ece81308289903b92e6bc4c47b384c9ba21d0be27a44506a0e,114,não,2026-07-14 21:08:53,2026-07-15 00:00,2026-07-29 12:00
2.2,CPI_july-inflation-us-monthly-20260714151042665_will-monthly-inflation-decrease-by-0pt7,0x3da407646064d05633a89299f41aef21aed3a31b6b24dc9616d0bcf19ecdf5d3,205,não,2026-07-14 21:08:53,2026-07-15 00:00,2026-07-29 12:00
2.2,CPI_july-inflation-us-monthly-20260714151042665_will-monthly-inflation-increase-by-0pt1,0xba34845900c0aecb16c30580a09d757e12ca13e69a10a56c327c41548412573d,1134,não,2026-07-14 23:07:37,2026-07-15 00:00,2026-07-28 12:00
2.2,CPI_july-inflation-us-monthly-20260714151042665_will-monthly-inflation-stay-flat-0pt0-in,0xae4336dbd502b44adcf6d641aab92d2cc4a63b90a5130467d13946e4f26390cb,576,não,2026-07-14 21:08:53,2026-07-15 00:00,2026-07-29 12:00
2.2,CPI_june-inflation-monthly_will-monthly-inflation-increase-by-0pt0,0x2d2170d58575d9f292342dc6d628716ca0369ea4200ce721a7cdc8b4405ff309,2392,não,2025-06-12 01:08:59,2025-06-12 00:00,2025-07-15 12:00
2.2,CPI_june-inflation-monthly_will-monthly-inflation-increase-by-0pt1,0x2420008d1b5e9f6a8048a6499c090e035678baa4f963793033af3aa05ad8d145,2186,não,2025-06-11 22:48:16,2025-06-12 00:00,2025-07-15 12:00
2.2,CPI_june-inflation-monthly_will-monthly-inflation-increase-by-0pt2,0x84356d5bc0f4ab25e70869ace61e562219d9bfdbd57773f6591c74e085388778,2150,não,2025-06-12 00:33:27,2025-06-12 00:00,2025-07-15 12:00
2.2,CPI_june-inflation-monthly_will-monthly-inflation-increase-by-0pt3,0xb2d7cbed366ad8d308771f07b80c5786925b2ff96227aa3406dc045816764d37,2189,não,2025-06-12 01:08:59,2025-06-12 00:00,2025-07-15 12:00
2.2,CPI_june-inflation-monthly_will-monthly-inflation-increase-by-0pt4,0x1a6a1200a90568609a23a428e0688057cb25d0212638aef192be1689cc2f6f81,2756,não,2025-06-12 01:08:47,2025-06-12 00:00,2025-07-15 12:00
2.2,CPI_june-inflation-us-monthly-20260610151033433_will-monthly-inflation-increase-by-0pt1,0xb61d7dc98dbcd7cd351c20b149c3966fbd82bd1421463f11a49c2aad279b16fe,217,não,2026-06-10 21:04:01,2026-06-11 00:00,2026-07-14 12:00
2.2,CPI_june-inflation-us-monthly-20260610151033433_will-monthly-inflation-increase-by-0pt2,0xf206edd60c69d747044cbabd5f4966413f0869c83c04c95bb134283d4542ee9a,83,não,2026-06-11 19:15:39,2026-06-11 00:00,2026-07-14 12:00
2.2,CPI_june-inflation-us-monthly-20260610151033433_will-monthly-inflation-increase-by-0pt3,0xd4e20b015a6848247cfa5adf977052e361e1ddc338bdb8d0ef330df477b15f12,76,não,2026-06-11 21:22:36,2026-06-11 00:00,2026-07-14 12:00
2.2,CPI_june-inflation-us-monthly-20260610151033433_will-monthly-inflation-increase-by-0pt4,0x2380362120cb844850e6dcd98700af85f11a0884e6a063480502ac56cfa656f4,59,não,2026-06-11 21:22:36,2026-06-11 00:00,2026-07-14 12:00
2.2,CPI_june-inflation-us-monthly-20260610151033433_will-monthly-inflation-increase-by-0pt5,0xf768d9032f4360788ac7cd6011ea70ff7b159f3b6bbe44e6b6db361bf5cca750,61,não,2026-06-11 00:05:13,2026-06-11 00:00,2026-07-14 12:00
2.2,CPI_june-inflation-us-monthly-20260610151033433_will-monthly-inflation-increase-by-0pt6,0xaba0ea37df2e8b2ea1d163e146a7d3eea10004dcf5de204e1d6212539629c7e1,50,não,2026-06-11 00:05:13,2026-06-11 00:00,2026-07-14 12:00
2.2,CPI_june-inflation-us-monthly-20260610151033433_will-monthly-inflation-increase-by-0pt7,0xbf8e551ea81e32d0c763a2d4da3c5278267019805895ae1753006c5243689c92,51,não,2026-06-10 20:59:16,2026-06-11 00:00,2026-07-14 12:00
2.2,CPI_june-inflation-us-monthly-20260610151033433_will-monthly-inflation-increase-by-0pt8,0xf99722d6b283c63f35512e80977255f0551fba3923c829884ca496fdb7be1131,57,não,2026-06-10 20:56:57,2026-06-11 00:00,2026-07-14 12:00
2.2,CPI_june-inflation-us-monthly-20260610151033433_will-monthly-inflation-increase-by-0pt9,0x07c39818cfc204f0905dbfead5644bafc7b4bdc6861388903bd392a2e144813e,57,não,2026-06-10 20:53:42,2026-06-11 00:00,2026-07-14 12:00
2.2,CPI_march-inflation-monthly_will-monthly-inflation-increase-by-0pt1,0x7db7841bfa0051180efa513e23bd08a1a787cff58c95618d70a4da3dfc88a2f6,332,não,2025-03-13 01:38:59,2025-03-13 00:00,2025-04-10 12:00
2.2,CPI_march-inflation-monthly_will-monthly-inflation-increase-by-0pt2,0x3c7d37f080c6faa1560ae04c8df40014c9a62325987c9df87da1b946ac56b95c,217,não,2025-03-14 11:55:41,2025-03-13 00:00,2025-04-10 12:00
2.2,CPI_march-inflation-monthly_will-monthly-inflation-increase-by-0pt3,0x159fdf8f17696059b70d8018d1c99e1b0d65f11a339f151d7b13ec213c40ecc4,167,não,2025-03-13 18:36:10,2025-03-13 00:00,2025-04-10 12:00
2.2,CPI_march-inflation-monthly_will-monthly-inflation-increase-by-0pt4,0x556ba5705a5c2bb0185a329152b07f18f205d5008dffc948cf14836a0ecdcb44,378,não,2025-03-14 04:59:24,2025-03-13 00:00,2025-04-10 12:00
2.2,CPI_march-inflation-monthly_will-monthly-inflation-increase-by-0pt5,0x0dd29e8d00dd30f0df07791e71c2274c0d2dce629646b0f2478797f53e9ccb3e,887,não,2025-03-13 01:54:49,2025-03-13 00:00,2025-04-10 12:00
2.2,CPI_march-inflation-us-monthly_will-monthly-inflation-increase-by-0pt3,0xe85ecaffd8541f8c74088f671cbdfb97eaaf91f92e1194fb673e8abc3974c75c,878,não,2026-03-12 20:09:19,2026-03-12 00:00,2026-04-09 00:00
2.2,CPI_march-inflation-us-monthly_will-monthly-inflation-increase-by-0pt4,0xba18ed27cfa6e9a2a741220ef5abfb8055251226e2e7f5efde290f0b87c517bc,704,não,2026-03-12 05:37:33,2026-03-12 00:00,2026-04-09 00:00
2.2,CPI_march-inflation-us-monthly_will-monthly-inflation-increase-by-0pt5,0xfc0809ec62c1405516f9b735e47fc234948c5a3046b237dc1cf56f73d5817a90,777,não,2026-03-12 20:10:47,2026-03-12 00:00,2026-04-09 00:00
2.2,CPI_march-inflation-us-monthly_will-monthly-inflation-increase-by-0pt6,0x5418a054e0f86a5ad40908eeee31dc72386b9c0766bc039a0c53ac427f7964b5,895,não,2026-03-12 12:28:07,2026-03-12 00:00,2026-04-10 12:00
2.2,CPI_march-inflation-us-monthly_will-monthly-inflation-increase-by-0pt7,0x3537351b374625e72a483b2cd15352729ca53c6eacfe7e8b2d2328ed8326c0c2,973,não,2026-03-12 20:10:47,2026-03-12 00:00,2026-04-09 00:00
2.2,CPI_march-inflation-us-monthly_will-monthly-inflation-increase-by-0pt8,0xde59eb12d813c8f9bd5988c4ec2227c4218468cef5058cf4793756c31e9e4538,1938,não,2026-03-12 20:10:03,2026-03-12 00:00,2026-04-09 00:00
2.2,CPI_may-inflation-monthly_will-monthly-inflation-increase-by-0pt0,0xbb56a7edaa5e771a399ef04615db522b7afe6c811a1525f5f569fadbb012032a,792,não,2025-05-13 19:54:20,2025-05-14 00:00,2025-06-11 12:00
2.2,CPI_may-inflation-monthly_will-monthly-inflation-increase-by-0pt1,0x0949a4f5f70803a9d336c3be23b0f1bcc3095ced6fbe831a91940c9060c1719f,617,não,2025-05-13 19:54:20,2025-05-14 00:00,2025-06-11 12:00
2.2,CPI_may-inflation-monthly_will-monthly-inflation-increase-by-0pt2,0x7dcfeeeecc95b81ad350cf53610fd3263035ba4dd54e23a01ea95dc697e9aba3,820,não,2025-05-13 18:03:42,2025-05-14 00:00,2025-06-11 12:00
2.2,CPI_may-inflation-monthly_will-monthly-inflation-increase-by-0pt3,0x063212bd0584056ec5d5499001ce19c9b0d00ecb0a44279375fa50a9e377a308,563,não,2025-05-13 19:54:20,2025-05-14 00:00,2025-06-11 12:00
2.2,CPI_may-inflation-monthly_will-monthly-inflation-increase-by-0pt4,0x43293a5c29afabcf7c199cae244250c869b23b017e45e9d4eec056d50d6d757a,736,não,2025-05-13 18:03:54,2025-05-14 00:00,2025-06-11 12:00
2.2,CPI_may-inflation-us-monthly_will-monthly-inflation-increase-by-0pt1,0x1238975c24547156c288a645a7d9e4bd3bc46bbb3790f0bbc6332c31c30250f0,77,não,2026-05-12 21:23:58,2026-05-13 00:00,2026-06-10 12:00
2.2,CPI_may-inflation-us-monthly_will-monthly-inflation-increase-by-0pt2,0x47084ccf0484680371b0055a122446081b1a81d6ddfecf2ca4b46d218a9fc92c,101,não,2026-05-12 21:23:58,2026-05-13 00:00,2026-06-10 12:00
2.2,CPI_may-inflation-us-monthly_will-monthly-inflation-increase-by-0pt3,0xc642575bea233d94818da50c43b93578b99b3976e05d9db528d5f99205d73a50,147,não,2026-05-12 21:23:58,2026-05-13 00:00,2026-06-10 12:00
2.2,CPI_may-inflation-us-monthly_will-monthly-inflation-increase-by-0pt4,0xe2d112ac92d94c29edfc66bd39be876d298966eae73e815a377fc2decf8291a7,274,não,2026-05-12 21:23:58,2026-05-13 00:00,2026-06-10 12:00
2.2,CPI_may-inflation-us-monthly_will-monthly-inflation-increase-by-0pt5,0x6ad572256da9fbebdf401cdd368618424644077700b5e1d1461236112d18bffa,523,não,2026-05-12 21:23:58,2026-05-13 00:00,2026-06-10 12:00
2.2,CPI_may-inflation-us-monthly_will-monthly-inflation-increase-by-0pt6,0x5df2b1eee1b40c0ff3ae1c0c3bac9697f718ded26c3eff9ddb0084f613a71a34,316,não,2026-05-12 21:23:58,2026-05-13 00:00,2026-06-10 12:00
2.2,CPI_may-inflation-us-monthly_will-monthly-inflation-increase-by-0pt7,0x1c978df1ef2ffa70155e81e94fe5c9e74774f4c046fdf8b9b8a7983b981f545e,188,não,2026-05-12 21:24:01,2026-05-13 00:00,2026-06-10 12:00
2.2,CPI_may-inflation-us-monthly_will-monthly-inflation-increase-by-0pt8,0x3d5e7bf9b70ad47937c85bc4728be4ed421bf80ce714f0e17d0d9026f00c0e84,130,não,2026-05-12 21:23:58,2026-05-13 00:00,2026-06-10 12:00
2.2,CPI_may-inflation-us-monthly_will-monthly-inflation-increase-by-0pt9,0x339cbfc3622d775e4904a15b60356be545dd232e41eed5dcf517038856b0dcef,112,não,2026-05-12 21:24:01,2026-05-13 00:00,2026-06-10 12:00
2.2,CPI_november-inflation-monthly_will-monthly-inflation-increase-by-0pt1,0x132691cb1226d90999586d53074c1f6fec5f7a8a4cdc8a9d42e989cac48bfb0e,2011,não,2025-11-14 04:25:58,2025-11-14 00:00,2026-01-13 12:00
2.2,CPI_november-inflation-monthly_will-monthly-inflation-increase-by-0pt2,0xa18eced9489b947854914f0c64a66e7a3bed7859d66d607d860dec35bf454e2a,482,não,2025-11-14 05:38:40,2025-11-14 00:00,2026-01-13 12:00
2.2,CPI_november-inflation-monthly_will-monthly-inflation-increase-by-0pt3,0x4a650203c078058404af564c0cb579beded0566195a9335b9cce17af56720778,815,não,2025-11-14 05:38:40,2025-11-14 00:00,2026-01-13 12:00
2.2,CPI_november-inflation-monthly_will-monthly-inflation-increase-by-0pt4,0xbc8fc3a5ecc21dce9134dcac004ec04b21e71c37c4fd63694da463e5ca6e0bda,452,não,2025-11-14 05:38:40,2025-11-14 00:00,2026-01-13 12:00
2.2,CPI_november-inflation-monthly_will-monthly-inflation-increase-by-0pt5,0xdad32e9cfa63beba28b32d3ebdaf289f4bcfd221788cfa91432cbd2d65986cbd,283,não,2025-11-14 05:38:38,2025-11-14 00:00,2026-01-13 12:00
2.2,CPI_october-inflation-monthly_will-monthly-inflation-increase-by-0pt1,0x314a0e65fad886a5e01de5db17d76f7f4d831b2e93c5c3876945492f12df6575,593,não,2025-10-31 06:03:51,2025-10-31 00:00,2025-11-22 00:00
2.2,CPI_october-inflation-monthly_will-monthly-inflation-increase-by-0pt2,0x8b7599d1bd4ffef11746907dbfe956a277c101489da806be25812efe22d1c359,349,não,2025-10-31 06:05:03,2025-10-31 00:00,2025-11-22 00:00
2.2,CPI_october-inflation-monthly_will-monthly-inflation-increase-by-0pt3,0x0d1e037b01d0d049c4686dc5274221dc4f1aea8f30e8d71c5020cb4b43b1f4bd,303,não,2025-10-31 06:09:19,2025-10-31 00:00,2025-11-22 00:00
2.2,CPI_october-inflation-monthly_will-monthly-inflation-increase-by-0pt4,0xfb58280f1c74f39b2ae04f474773935c38df2c0bc0d1c0ba7c6bc01c9424a853,211,não,2025-10-31 06:09:19,2025-10-31 00:00,2025-11-22 00:00
2.2,CPI_october-inflation-monthly_will-monthly-inflation-increase-by-0pt5,0x364d1f8c5541d35554c64ae986007a11ec83d66a2268563c61a2315d73ee3fa8,473,não,2025-10-31 06:09:21,2025-10-31 00:00,2025-11-22 00:00
2.2,CPI_september-inflation-monthly_will-monthly-inflation-increase-by-0pt1,0x93e575af281042983b62a19412f23dcefd36028403ec789c5895d4234c8d0740,646,não,2025-09-12 00:06:25,2025-09-12 00:00,2025-10-24 12:00
2.2,CPI_september-inflation-monthly_will-monthly-inflation-increase-by-0pt2,0x22e5e294d5971d3e2ab27aa7453575fabd3edc566a6d831fdd575a7eddc1642a,528,não,2025-09-12 00:06:25,2025-09-12 00:00,2025-10-24 12:00
2.2,CPI_september-inflation-monthly_will-monthly-inflation-increase-by-0pt3,0xa6e9c3e84b978ac22266b9596c9fe5e6b1a14fce57ef521acfa8bcbf09c46d65,543,não,2025-09-12 00:06:25,2025-09-12 00:00,2025-10-24 12:00
2.2,CPI_september-inflation-monthly_will-monthly-inflation-increase-by-0pt4,0x4e3d2a7b876818e57529f8bbb47df745104905eee1853ba38594c86d4ec3d6f8,699,não,2025-09-11 23:51:37,2025-09-12 00:00,2025-10-24 12:00
2.2,CPI_september-inflation-monthly_will-monthly-inflation-increase-by-0pt5,0x6ef075c9da61c78ca84b708fe7f34aa14ec761319324db64dcf788dadf42445e,671,não,2025-09-12 00:06:25,2025-09-12 00:00,2025-10-24 12:00
2.2,M1_cpi_monthly_will-monthly-inflation-increase-by-0pt0,0xa4dfc7605cd7665efd5af6c5e072b93b8658ec5cc884995751d9ba812999dd63,1792,não,2025-07-15 21:04:27,2025-07-16 00:00,2025-08-12 12:00
2.2,M1_cpi_monthly_will-monthly-inflation-increase-by-0pt1,0xc462c9f3092ca958620b2404a1dee04081901d93fd72392b69afaf550e7fdc41,1624,não,2025-07-15 21:04:19,2025-07-16 00:00,2025-08-12 12:00
2.2,M1_cpi_monthly_will-monthly-inflation-increase-by-0pt2,0x8f77c988f0d59c586025889f673665be989e11a428a11f3e53299651c3d2c0bc,1804,não,2025-07-15 19:16:30,2025-07-16 00:00,2025-08-12 12:00
2.2,M1_cpi_monthly_will-monthly-inflation-increase-by-0pt3,0x21706f8aef9aa3c1568c4354268669bdaa416026876afe3d0972a8a2ab844ea2,1495,não,2025-07-15 19:09:56,2025-07-16 00:00,2025-08-12 12:00
2.2,M1_cpi_monthly_will-monthly-inflation-increase-by-0pt4,0xafbd236a95daa3a0fd8fbc8a92781726bb3abb4c572c2aa0e3cce9a0bacac1b3,1574,não,2025-07-15 22:56:15,2025-07-16 00:00,2025-08-12 12:00
2.2,M1_cpi_monthly_will-monthly-inflation-increase-by-0pt5,0x9e6b5a9bc1c103c4860140d7492008dc7fb82ade4da2423e4899d129da07fc44,1629,não,2025-07-15 18:46:06,2025-07-16 00:00,2025-08-12 12:00
B,M3_fed_trajectory_will-1-fed-rate-cut-happen-in-2025,0x8e9b6942b4dac3117dadfacac2edb390b6d62d59c14152774bb5fcd983fc134e,15283,não,2024-12-29 23:32:42,2024-12-30 00:00,2025-10-29 00:00
B,M3_fed_trajectory_will-2-fed-rate-cuts-happen-in-2025,0x05af636e0989accb08334a74f69e5368e0aa28fe498fd16a3ca991e6dc5ae2cc,17112,não,2024-12-29 23:35:44,2024-12-30 00:00,2025-12-10 12:00
B,M3_fed_trajectory_will-3-fed-rate-cuts-happen-in-2025,0x6df2f2ca434b5bacaef33d6b24edf42845199f4f794e66580de2d2c880a25275,13402,não,2024-12-29 23:51:00,2024-12-30 00:00,2025-12-10 12:00
B,M3_fed_trajectory_will-4-fed-rate-cuts-happen-in-2025,0xc2846f35e85eb09a094edbd4e93e345d3c682dc0436615adc27122222fccbd81,20000,SIM,2025-06-02 22:47:43,2024-12-30 00:00,2025-12-10 12:00
B,M3_fed_trajectory_will-5-fed-rate-cuts-happen-in-2025,0x6ee22365b6602d928aa7136f549cc0d718bb16b044a6d15191041b84b5f1f43d,20000,SIM,2025-01-17 19:00:00,2024-12-30 00:00,2025-12-10 12:00
B,M3_fed_trajectory_will-6-fed-rate-cuts-happen-in-2025,0x37100ed3560699c48d90a027e65da10a04e395785b598289163e3bbfdaca99e6,17488,não,2024-12-29 23:50:56,2024-12-30 00:00,2025-12-10 12:00
B,M3_fed_trajectory_will-7-fed-rate-cuts-happen-in-2025,0xf4d03ce9ce65ea06654f23e26dead828005511d65bb650cd5a9dc77891406d12,12979,não,2024-12-29 23:51:00,2024-12-30 00:00,2025-12-10 12:00
B,M3_fed_trajectory_will-8plus-fed-rate-cuts-happen-in-2025,0x12b6268efb832fe64bb746b9f50a51245b761d6b170e172b3cd81a7c4f39432b,16950,não,2024-12-29 23:50:56,2024-12-30 00:00,2025-12-10 12:00
B,M3_fed_trajectory_will-no-fed-rate-cuts-happen-in-2025,0xebfda84c91d3dafde3f49bd132aadc9e762b88023021806e7345cd526fc7e1fa,9244,não,2024-12-29 23:31:53,2024-12-30 00:00,2025-09-17 12:00
2.3,fed-decreases-interest-rates-by-25-bps-after-december-2024-meeting,0xa11a9c66032cbe8c607bf1b21591f65dfee9d5eb65d73cc8ad5009c1f9826fa3,20000,SIM,2024-11-17 21:05:22,2024-08-07 00:00,2024-12-18 12:00
2.3,fed-decreases-interest-rates-by-25-bps-after-december-2025-meeting,0xcb111226a8271fed0c71bb5ec1bd67b2a4fd72f1eb08466e2180b9efa99d3f32,20000,SIM,2025-12-04 05:48:17,2025-08-01 00:00,2025-12-10 12:00
2.3,fed-decreases-interest-rates-by-25-bps-after-january-2025-meeting,0xf48f79d8e60ab1efa76e53bec8c005611bfdc097cc0e51dc2f612709c04f5acf,12465,não,2024-11-07 22:58:22,2024-11-08 00:00,2025-01-29 12:00
2.3,fed-decreases-interest-rates-by-25-bps-after-january-2026-meeting,0x35cc41270f5cdfd59b45e68ab85dc51b0b900d286a6c74ea006b8572d9ff5934,20000,SIM,2026-01-19 10:48:10,2025-09-18 00:00,2026-01-28 12:00
2.3,fed-decreases-interest-rates-by-25-bps-after-july-2024-meeting,0x813e44dd1717ed1e1ccfa5f67b5e4d681f7a91cf12dfd8278608698f03b0f89d,1058,não,2024-06-12 22:08:09,2024-06-13 00:00,2024-07-31 12:00
2.3,fed-decreases-interest-rates-by-25-bps-after-july-2025-meeting,0x812d8819cda5c57e824719de0381d8e207a45b5b71da31a6425f6c2f181a3fc4,20000,SIM,2025-06-08 16:09:53,2025-03-20 00:00,2025-07-30 12:00
2.3,fed-decreases-interest-rates-by-25-bps-after-june-2024-meeting,0x86797195cdde3c3a30e2b1b9503bc727fe787845228e9876ed9bc380aa021148,467,não,2024-05-02 00:40:16,2024-05-02 00:00,2024-06-12 12:00
2.3,fed-decreases-interest-rates-by-25-bps-after-june-2025-meeting,0x872c8e9a4e4808a2ab714c267bd8a93f63cb739c853d7e4de2b42009e73f9b3f,16467,não,2025-02-07 02:39:56,2025-02-07 12:00,2025-06-18 12:00
2.3,fed-decreases-interest-rates-by-25-bps-after-march-2025-meeting,0xeed6da09683149b433aeb802bd8d3f78a6b6d8799fa75bd0d73c3f87c6b2b592,16095,não,2024-12-18 22:41:38,2024-12-19 00:00,2025-03-19 12:00
2.3,fed-decreases-interest-rates-by-25-bps-after-may-2025-meeting,0xc5821602b440e61665dce5dcdc0fd20153864ba185d26a13e9be80fe98bb9e97,16726,não,2025-01-24 03:54:52,2025-01-24 00:00,2025-05-07 12:00
2.3,fed-decreases-interest-rates-by-25-bps-after-november-2024-meeting,0x3d31558105899ab4025075b92cfb127fae4be0e9644a6895466aa50e2de37e72,11573,não,2024-08-02 22:22:08,2024-08-03 00:00,2024-11-07 12:00
2.3,fed-decreases-interest-rates-by-25-bps-after-october-2025-meeting,0x53f82bd52566e30ae3f8131cb92095dd92ecdf2b0204af0edc226ee194e923fe,20000,SIM,2025-10-25 05:59:39,2025-06-20 00:00,2025-10-29 00:00
2.3,fed-decreases-interest-rates-by-25-bps-after-september-2024-meeting,0x70357debf15a956d82d8b2022aaf5f868763d1d0716d2c6e5ce35712e49a3b0f,12496,não,2024-07-26 02:09:06,2024-07-26 00:00,2024-09-18 12:00
2.3,fed-decreases-interest-rates-by-25-bps-after-september-2025-meeting,0x9f41a3e4a2ef548cf207c22a48dbaf73e28dda5ec014c145217f428aaf3769e3,20000,SIM,2025-08-21 22:13:51,2025-05-08 00:00,2025-09-17 12:00
2.3,fed-decreases-interest-rates-by-50-bps-after-december-2024-meeting,0x004e19d419d05dd366793689ce2af457d51bc921d9da4af867de09f0864a4305,17842,não,2024-08-07 01:01:46,2024-08-07 00:00,2024-12-18 12:00
2.3,fed-decreases-interest-rates-by-50-bps-after-december-2025-meeting,0x6903b766f5fda3d5b02f4472a6b4154419e78b7fd126c0b29ce17bb8e20b20cc,20000,SIM,2025-12-03 01:59:11,2025-08-01 00:00,2025-12-10 12:00
2.3,fed-decreases-interest-rates-by-50-bps-after-january-2025-meeting,0x7883a3c40bb01cbd3b9ec9e3b73d75af705e300c9369f27178739cf3f4fa089a,20000,SIM,2025-01-07 10:08:45,2024-11-08 00:00,2025-01-29 12:00
2.3,fed-decreases-interest-rates-by-50-bps-after-january-2026-meeting,0x17815081230e3b9c78b098162c33b1ffa68c4ec29c123d3d14989599e0c2e113,20000,SIM,2026-01-16 06:15:56,2025-09-18 00:00,2026-01-28 12:00
2.3,fed-decreases-interest-rates-by-50-bps-after-july-2024-meeting,0x5b544e761863106ba78a3380ad72a06a0fa65e61daabf31dae7da443af129edc,1004,não,2024-06-13 07:41:29,2024-06-13 00:00,2024-07-31 12:00
2.3,fed-decreases-interest-rates-by-50-bps-after-july-2025-meeting,0x0d09f8cb4ac601074c02828328a893fdab030ece3ca682faaef89d82c43daec2,20000,SIM,2025-07-02 09:23:31,2025-03-20 00:00,2025-07-30 12:00
2.3,fed-decreases-interest-rates-by-50-bps-after-june-2024-meeting,0x5df9458d9918da733d784bc2a07768b293d10826385a3eb31dd716f99475dc79,511,não,2024-05-01 18:02:43,2024-05-02 00:00,2024-06-12 12:00
2.3,fed-decreases-interest-rates-by-50-bps-after-june-2025-meeting,0x834a4109dbd18f97695e4858b3a18d21fff19bc2dc7c055f18b96843ac1de17b,18574,não,2025-02-07 02:14:03,2025-02-07 12:00,2025-06-18 12:00
2.3,fed-decreases-interest-rates-by-50-bps-after-march-2025-meeting,0x5dbbf4cbb4cbca7c5967bfe92c0bd1667ac508fecb1e548c01def1a8cb43ea53,20000,SIM,2025-01-30 12:24:50,2024-12-19 00:00,2025-03-19 12:00
2.3,fed-decreases-interest-rates-by-50-bps-after-may-2025-meeting,0x10bb455936cf8f22777bdb8d3a1b97760cae2215d60c15001c5d252c0f26478e,14956,não,2025-01-23 20:30:32,2025-01-24 00:00,2025-05-07 12:00
2.3,fed-decreases-interest-rates-by-50-bps-after-november-2024-meeting,0xe4a9b98237a29e778ac5717e3d29220bb2f0c0370e8e3436d4a277853556355f,13066,não,2024-08-02 22:24:18,2024-08-03 00:00,2024-11-07 12:00
2.3,fed-decreases-interest-rates-by-50-bps-after-october-2025-meeting,0x6a8c775d3a7ab901a5c4595dbc33478d654dc3b293be2b80fd64500cabbfcc37,20000,SIM,2025-10-18 05:48:16,2025-06-20 00:00,2025-10-29 00:00
2.3,fed-decreases-interest-rates-by-50-bps-after-september-2024-meeting,0x6cc501fa617e3a46ececf6e3990fe1afeeaa6bc897d3c7049c005fd1bdc42c2f,14447,não,2024-07-26 02:12:56,2024-07-26 00:00,2024-09-18 12:00
2.3,fed-decreases-interest-rates-by-50-bps-after-september-2025-meeting,0x6c3d5fba5442f3e725eb89b7cffcc341ca3105cddaac09c1e4bc8e7010f0fe40,20000,SIM,2025-09-05 16:13:54,2025-05-08 00:00,2025-09-17 12:00
2.3,fed-decreases-interest-rates-by-75-bps-after-december-2024-meeting,0xde507497bdd5d63090dfd8e6e29167216c66576bf8d029d87c99bef4e357c696,20000,SIM,2024-11-11 19:11:55,2024-08-07 00:00,2024-12-18 12:00
2.3,fed-decreases-interest-rates-by-75-bps-after-january-2025-meeting,0x64123306a517e078fa636231a9cc9339a46bcfe3fadf62c92fdb031881c5d0d8,20000,SIM,2025-01-07 02:12:37,2024-11-08 00:00,2025-01-29 12:00
2.3,fed-decreases-interest-rates-by-75-bps-after-november-2024-meeting,0x20e2d5f8c92270e87a3f60672a67c649e781f9c2ab8b30055ce4e2fb48c458dd,19265,não,2024-08-03 02:27:32,2024-08-03 00:00,2024-11-07 12:00
2.3,fed-increases-interest-rates-by-25-bps-after-december-2024-meeting,0xb685671ec5f12410f48006fad1ec60fa1a1e19f3a5ba09a81ab45b026821252d,16189,não,2024-08-06 16:55:52,2024-08-07 00:00,2024-12-18 12:00
2.3,fed-increases-interest-rates-by-25-bps-after-december-2025-meeting,0xfcd2fb666c5a346faee448e63267346a3ec394a52bce4c199877559da91cd2c1,20000,SIM,2025-11-19 19:01:25,2025-08-01 00:00,2025-12-10 12:00
2.3,fed-increases-interest-rates-by-25-bps-after-january-2025-meeting,0x04e07c6085d96ecc1ac7568d6cb640f09e4d300a25afc763b67f15d8f2c8597c,20000,SIM,2025-01-13 07:29:33,2024-11-08 00:00,2025-01-29 12:00
2.3,fed-increases-interest-rates-by-25-bps-after-january-2026-meeting,0x7c6c69d91b21cbbea08a13d0ad51c0e96a956045aaadc77bce507c6b0475b66e,20000,SIM,2026-01-09 15:34:26,2025-09-18 00:00,2026-01-28 12:00
2.3,fed-increases-interest-rates-by-25-bps-after-july-2024-meeting,0x6a98d5d6903279a133009d8dfaef73432a77758ff4a63c391921082820cbdef2,1643,não,2024-06-13 12:33:04,2024-06-13 00:00,2024-07-31 12:00
2.3,fed-increases-interest-rates-by-25-bps-after-july-2025-meeting,0x362c61cfb577a719526b03e7596a3ef3d6d9aadf5292e2e2391c2cdf62892730,20000,SIM,2025-06-25 20:03:30,2025-03-20 00:00,2025-07-30 12:00
2.3,fed-increases-interest-rates-by-25-bps-after-june-2024-meeting,0x4c21fdaee92538da1af2d227e7688673fe8789decff537003cd3b67b0ecb1b8d,343,não,2024-05-01 18:02:35,2024-05-02 00:00,2024-06-12 12:00
2.3,fed-increases-interest-rates-by-25-bps-after-june-2025-meeting,0x3a92a26ce837b361bd044acc2c0b81346ad66e9a891fc5ad27b9a35e6701c6e7,16728,não,2025-02-07 04:02:56,2025-02-07 12:00,2025-06-18 12:00
2.3,fed-increases-interest-rates-by-25-bps-after-march-2025-meeting,0xf7050a33a8444389ef1800e4476b43a987ff72668be0b616a4b457f5ba944a00,16151,não,2024-12-18 21:09:28,2024-12-19 00:00,2025-03-19 12:00
2.3,fed-increases-interest-rates-by-25-bps-after-may-2025-meeting,0xbf1e237a1e8cbf9c0b454dc984f5dc789f57f85b077a6a7383489b00b75dc4af,14687,não,2025-01-23 20:30:24,2025-01-24 00:00,2025-05-07 12:00
2.3,fed-increases-interest-rates-by-25-bps-after-november-2024-meeting,0x1fc1e5595adab4d8160b2fe72cfed61131e3d5e61b5c334160d1729d7380ab16,20000,SIM,2024-10-25 02:34:27,2024-08-03 00:00,2024-11-07 12:00
2.3,fed-increases-interest-rates-by-25-bps-after-october-2025-meeting,0xd6e0317cee513cc3afdc1954ac576b241ad2287536e88b17fd3a77b4c3d0976e,20000,SIM,2025-10-23 00:46:19,2025-06-20 00:00,2025-10-31 00:00
2.3,fed-increases-interest-rates-by-25-bps-after-september-2024-meeting,0x0a533c938200a10df86423dfbe621a2f36bfd4abc457615cf4992ed721c566bf,8946,não,2024-07-25 18:40:04,2024-07-26 00:00,2024-09-18 12:00
2.3,fed-increases-interest-rates-by-25-bps-after-september-2025-meeting,0xe8d095422da9f6c3ceed727a4b6251177f618b002d2a698bfccb48716c7aa469,20000,SIM,2025-08-07 07:44:05,2025-05-08 00:00,2025-09-17 12:00
2.3,no-change-in-fed-interest-rates-after-2024-july-meeting,0xebee0e66d85db23e24592a0412fb1275efe505b6fbc6d32966c70942cdde8038,1044,não,2024-06-12 23:49:57,2024-06-13 00:00,2024-07-31 12:00
2.3,no-change-in-fed-interest-rates-after-2024-june-meeting,0x67a072e839762191a7931e405923110d52343ef6dc1d61cfc0720233951c03e4,443,não,2024-05-02 00:40:26,2024-05-02 00:00,2024-06-12 12:00
2.3,no-change-in-fed-interest-rates-after-2024-november-meeting,0x2a3a29b57597777e5d2941c419716b02a7b8c43b5c19c4ac746ae2d9c720cbe1,9589,não,2024-08-02 23:06:44,2024-08-03 00:00,2024-11-07 12:00
2.3,no-change-in-fed-interest-rates-after-2024-september-meeting,0xb20072387cd12bc73f3a6fd30fdd5aa1644c8f72f958803d90fc05c51db0ac49,13825,não,2024-07-25 19:55:30,2024-07-26 00:00,2024-09-18 12:00
2.3,no-change-in-fed-interest-rates-after-december-2024-meeting,0x71da2bbc04a7eae0d8ef739c17025d85917c0ea7db07646b6400a4f6ccb9f304,13134,não,2024-08-07 01:52:16,2024-08-07 00:00,2024-12-18 12:00
2.3,no-change-in-fed-interest-rates-after-december-2025-meeting,0x58f4542341fcc66a2197877b7487ebe901b689ec42bcdbb0a070f5536d91459e,20000,SIM,2025-11-20 17:51:03,2025-08-01 00:00,2025-12-10 12:00
2.3,no-change-in-fed-interest-rates-after-january-2025-meeting,0x4e0f29885709d63bfcff29e80f4a8df1da9e97906ba9e21577b46a70858d8e06,20000,SIM,2025-01-04 10:03:07,2024-11-08 00:00,2025-01-29 12:00
2.3,no-change-in-fed-interest-rates-after-january-2026-meeting,0xe93c89c41d1bb08d3bb40066d8565df301a696563b2542256e6e8bbbb1ec490d,20000,SIM,2026-01-24 12:13:14,2025-09-18 00:00,2026-01-28 12:00
2.3,no-change-in-fed-interest-rates-after-july-2025-meeting,0x4a68d828f7263f34391484404380c34efa9566f12a08a88553ddbe8e285c3ae9,20000,SIM,2025-06-21 09:58:00,2025-03-20 00:00,2025-07-30 12:00
2.3,no-change-in-fed-interest-rates-after-june-2025-meeting,0xffdd774123c13df21ce755bfd4f65bde47a74f1377ea73c8b130d84c59831173,19125,não,2025-02-07 04:02:44,2025-02-07 12:00,2025-06-18 12:00
2.3,no-change-in-fed-interest-rates-after-march-2025-meeting,0xef5604329fee713a68f4faa9d3014614c7486525864a11f2ebb054179a0c362e,20000,SIM,2025-02-06 14:45:45,2024-12-19 00:00,2025-03-19 12:00
2.3,no-change-in-fed-interest-rates-after-may-2025-meeting,0xffffb2874475ae9c1e3a0e3c3c4b4e329eb3105427aa484f357bf41c5fd77c4f,19032,não,2025-01-23 22:47:22,2025-01-24 00:00,2025-05-07 12:00
2.3,no-change-in-fed-interest-rates-after-october-2025-meeting,0x6ef34d5c7937cb8a1eb22234ddce8fe3eb1595e1f35c7d4f2101c58f3506e580,20000,SIM,2025-10-02 07:57:15,2025-06-20 00:00,2025-10-29 00:00
2.3,no-change-in-fed-interest-rates-after-september-2025-meeting,0x02dc46f4354c1cc447577db82ba62cca1bda737bd67b73fe966ce1bfe580868f,20000,SIM,2025-08-31 21:16:22,2025-05-08 00:00,2025-09-17 12:00
2.3,no-change-in-fed-raise-interest-rates-after-its-2024-aprilmay-meeting,0x23a9be32693bd427cce236d5af3e9f86aa38776e3ff4823faa7f51443d1a5647,119,não,2024-04-03 18:45:16,2024-04-04 00:00,2024-05-01 12:00
2.3,will-the-fed-decrease-interest-rates-by-25-bps-after-its-2024-aprilmay-meeting,0xf0d028fe7f2f078c4812151ba80cf390f8b39e5f8159b24b09833d7d20df9629,72,não,2024-04-03 22:04:30,2024-04-04 00:00,2024-05-01 12:00
2.3,will-the-fed-decrease-interest-rates-by-25-bps-after-the-april-2026-meeting,0x0d14f5dc9fb3250ec888b1ac8d9fe9a0ce06f9d3ea60fdf138e8690622fea84c,20000,SIM,2026-04-01 11:18:49,2025-11-13 12:00,2026-04-29 12:00
2.3,will-the-fed-decrease-interest-rates-by-25-bps-after-the-june-2026-meeting,0xdde06286a7b9464d344f410ab0b3d2ebc6469904e72c27fd982f65fdbf78768d,20000,SIM,2026-05-18 02:34:54,2025-12-11 00:00,2026-06-17 12:00
2.3,will-the-fed-decrease-interest-rates-by-25-bps-after-the-march-2026-meeting,0xd6c49a94948e365aa74c09eef54d907b7ca534b243c387c375305d5cdd1afef3,20000,SIM,2026-03-06 15:00:09,2025-10-30 00:00,2026-03-18 12:00
2.3,will-the-fed-decrease-interest-rates-by-50-bps-after-its-aprilmay-2024-meeting,0xe92b0c7d4a663200f4464e2547c468ba245e462289f88c7bae660feae8dd281a,58,não,2024-04-03 19:22:10,2024-04-04 00:00,2024-05-01 12:00
2.3,will-the-fed-decrease-interest-rates-by-50-bps-after-the-april-2026-meeting,0xd72622d154dfe65b9c019d6afcfe75a55717e5c502db611f555b101aafbf6ec5,20000,SIM,2026-04-05 19:11:19,2025-11-13 12:00,2026-04-29 12:00
2.3,will-the-fed-decrease-interest-rates-by-50-bps-after-the-june-2026-meeting,0x4e4a7df876b0c04f0b8b29b9073eddfbaf5c787192da825ae7ca1031bc8cfd15,20000,SIM,2026-06-01 05:53:17,2025-12-11 00:00,2026-06-17 12:00
2.3,will-the-fed-decrease-interest-rates-by-50-bps-after-the-march-2026-meeting,0xdeb615a52cd114e5aa27d8344ae506a72bea81f6ed13f5915f050b615a193c20,20000,SIM,2026-03-05 03:23:21,2025-10-30 00:00,2026-03-18 00:00
2.3,will-the-fed-increase-interest-rates-by-25-bps-after-the-april-2026-meeting,0xd4d00e5bf8b960cc37c74c1ec19e41e00b0706add203ddcfbb65ad006c5c223a,20000,SIM,2026-03-28 00:13:51,2025-11-13 12:00,2026-04-29 12:00
2.3,will-the-fed-increase-interest-rates-by-25-bps-after-the-june-2026-meeting,0xa7cb4135c6d9c36da0e343874dd5b455de739c6d1b9f9f5583dd9320aacf5db2,20000,SIM,2026-05-18 00:59:14,2025-12-11 00:00,2026-06-17 12:00
2.3,will-the-fed-increase-interest-rates-by-25-bps-after-the-march-2026-meeting,0x25aa90b3cd98305e849189b4e8b770fc77fe89bccb7cf9656468414e01145d38,20000,SIM,2026-03-03 05:11:13,2025-10-30 00:00,2026-03-18 00:00
2.3,will-the-fed-increase-interest-rates-by-50-bps-after-the-june-2026-meeting,0xb01e70a56199a6d5467f47a2b94e75e7c7218c128c8d0b8beb6dafed2f0d15c2,20000,SIM,2026-04-26 05:13:26,2025-12-11 00:00,2026-06-17 12:00
2.3,will-the-fed-raise-interest-rates-by-25-bps-after-its-2024-aprilmay-meeting,0x7f7acaad0b6132ec2f72ba179eebca814865a2c598705381a8e8aa3acce5b0b5,90,não,2024-04-03 18:46:08,2024-04-04 00:00,2024-05-01 12:00
2.3,will-there-be-no-change-in-fed-interest-rates-after-the-april-2026-meeting,0x36e8ca24d2a13435f519f15580d42b45cdbe3bc425fb39a7c2733260357af0fa,20000,SIM,2026-04-10 02:50:35,2025-11-13 12:00,2026-04-29 12:00
2.3,will-there-be-no-change-in-fed-interest-rates-after-the-june-2026-meeting,0xde04b189b3f19eaccda02529a3ea67abfc46bff5c0c8fc42d8a2d0ed7b8f0d41,20000,SIM,2026-05-30 06:36:33,2025-12-11 00:00,2026-06-17 12:00
2.3,will-there-be-no-change-in-fed-interest-rates-after-the-march-2026-meeting,0x257b18205f908aef01ef2d1d50e6fea7d29cf5486fe04031d8b101394476faed,20000,SIM,2026-03-07 15:00:07,2025-10-30 00:00,2026-03-18 12:00
