slug_mercado,token_id,outcome,slug_desfecho,familia
next-bls-jobs-report-during-government-shutdown,39804222665303414422436799174051656014679417483030490719319812249368627342421,Yes/No,next-bls-jobs-report-during-government-shutdown,release_timing_meta
how-many-jobs-added-in-april-296,75802397260699424311395056937451773302316074089623791662489676307272792037620,<-50k,will-the-us-lose-more-than-50k-jobs-in-april,nfp_jobs_added
how-many-jobs-added-in-april-296,32958987134576010869596968924347091703557384385032752075178994566490153269049,-50k – 0,will-the-us-lose-between-0-and-50k-jobs-in-april,nfp_jobs_added
how-many-jobs-added-in-april-296,30486803858519743838125614187916234968374638893932604497651559573885073141675,0 – 50k,will-the-us-add-between-0-and-50k-jobs-in-april,nfp_jobs_added
how-many-jobs-added-in-april-296,23200255832379996978000372151085707362581838748484250078265928147694585044981,50k – 100k,will-the-us-add-between-50k-and-100k-jobs-in-april-963,nfp_jobs_added
how-many-jobs-added-in-april-296,65422595272421542190232442275364176935110498716576687799743536736152881383509,100k – 150k,will-the-us-add-between-100k-and-150k-jobs-in-april-128,nfp_jobs_added
how-many-jobs-added-in-april-296,34168624293293518697679457298742772947618709007368699740824178341394437044767,150k – 200k,will-the-us-add-between-150k-and-200k-jobs-in-april-344,nfp_jobs_added
how-many-jobs-added-in-april-296,114984678615674466035269339920011747132407760124532913956689676232118024404349,200k – 250k,will-the-us-add-between-200k-and-250k-jobs-in-april-194,nfp_jobs_added
how-many-jobs-added-in-april-296,52958233287929591894889223773473227875487651241911553307485452679124155127251,250k+,will-the-us-add-at-least-250k-jobs-in-april,nfp_jobs_added
april-unemployment-rate-372,21122195915524817248954556541768209975886494565666083936480149602859962929434,≤3.9%,will-the-april-2026-unemployment-rate-be-3pt9,unemployment_rate
april-unemployment-rate-372,77780954837936271171880801181567166597786222430662512583875157994132515417273,4.0%,will-the-april-2026-unemployment-rate-be-4pt0,unemployment_rate
april-unemployment-rate-372,80382917833131523231828778923865730954149282136900678256605023459914541421598,4.1%,will-the-april-2026-unemployment-rate-be-4pt1,unemployment_rate
april-unemployment-rate-372,92731797278431703543796128239498249017833371829860201576381003777584963952610,4.2%,will-the-april-2026-unemployment-rate-be-4pt2,unemployment_rate
april-unemployment-rate-372,75130195789957063074248760611001655723843983535043615267185972178912540993208,4.3%,will-the-april-2026-unemployment-rate-be-4pt3,unemployment_rate
april-unemployment-rate-372,84929345609754481596384329716709484519796946573545650124102467350071902561858,4.4%,will-the-april-2026-unemployment-rate-be-4pt4,unemployment_rate
april-unemployment-rate-372,6075895715666928197493673696676129752769883078151021986033232731535232746509,4.5%,will-the-april-2026-unemployment-rate-be-4pt5,unemployment_rate
april-unemployment-rate-372,91352123473077278899842628936637029229243979152603140636500405461317685817161,4.6%,will-the-april-2026-unemployment-rate-be-4pt6,unemployment_rate
april-unemployment-rate-372,101521036475440767446589759804779465592323091114308971847185776170499985192462,≥4.7%,will-the-april-2026-unemployment-rate-be-4pt7,unemployment_rate
how-many-jobs-added-in-august-643,108254511517168109238803246743933280320741997004048206858496480537326645037376,<50k,will-the-us-add-less-than-50k-jobs-in-august,nfp_jobs_added
how-many-jobs-added-in-august-643,21294782433611957553574283812760891726493364314386686123986472949148159338096,50k–100k,will-the-us-add-between-50k-and-100k-jobs-in-august,nfp_jobs_added
how-many-jobs-added-in-august-643,84081709177151260743148695833929410180306084285501254902875798784544812122573,100k–150k,will-the-us-add-between-100k-and-150k-jobs-in-august,nfp_jobs_added
how-many-jobs-added-in-august-643,67672804606193165533212797997202828057643329132205926583837165124946693860228,150k–200k,will-the-us-add-between-150k-and-200k-jobs-in-august,nfp_jobs_added
how-many-jobs-added-in-august-643,86524530895571239015746725594129368355031708952026450119023271418056062931009,>200k,will-the-us-add-more-than-200k-jobs-in-august,nfp_jobs_added
august-jobs-report-prints-negative,89731512770387053603698320158809162874762325576467003869019646807760908878481,Yes/No,august-jobs-report-prints-negative,nfp_prints_negative
august-unemployment-rate,112211285654674214277902825682163385247985831176683090521113867670870198978896,≤3.9%,will-the-august-2025-unemployment-rate-be-3pt9,unemployment_rate
august-unemployment-rate,47647827874018099712592473098913715934858278457731061310244101578099091535427,4.0%,will-the-august-2025-unemployment-rate-be-4pt0,unemployment_rate
august-unemployment-rate,38127511645515226435715620598656623815341394200231760268545819904130347987556,4.1%,will-the-august-2025-unemployment-rate-be-4pt1,unemployment_rate
august-unemployment-rate,74149240228926357522519353077631116131391050188837863849363319803456763498922,4.2%,will-the-august-2025-unemployment-rate-be-4pt2,unemployment_rate
august-unemployment-rate,20841916208110990534700998951340043352129902220812318823514707704766945103369,4.3%,will-the-august-2025-unemployment-rate-be-4pt3,unemployment_rate
august-unemployment-rate,36042354926155193479049537246759338091543617230297478364499598626636871534203,≥4.4%,will-the-august-2025-unemployment-rate-be-4pt4,unemployment_rate
how-many-jobs-added-in-december,2799153640347060581865810576782633779851633567405657383706391566169284913214,<100k,will-us-add-less-than-100k-jobs-in-december-2024,nfp_jobs_added
how-many-jobs-added-in-december,75364760328714294941178871008032753645829157465617651910932350991104668143844,100-150k,will-us-add-between-100k-and-150k-jobs-in-december-2024,nfp_jobs_added
how-many-jobs-added-in-december,53080503420468260811630082089497411231102581696844860558603222108570230419338,150-200k,will-us-add-between-150k-and-200k-jobs-in-december-2024,nfp_jobs_added
how-many-jobs-added-in-december,109686421201862562405912282585129789520334582468120759271909835091438519914598,200-250k,will-us-add-between-200k-and-250k-jobs-in-december-2024,nfp_jobs_added
how-many-jobs-added-in-december,94624931272433541674825347172122767822415044111481835779739886996351471790584,250-300k,will-us-add-between-250k-and-300k-jobs-in-december-2024,nfp_jobs_added
how-many-jobs-added-in-december,53051558802850738375216268622112393647080442751369684842555630919599256323309,>300k,will-us-add-more-than-300k-jobs-in-december-2024,nfp_jobs_added
december-unemployment-rate,1247925380970169687254978102814603656552506944854023722998084556211414283724,≤4.1%,will-us-unemployment-be-4pt1-or-lower-in-december-2024,unemployment_rate
december-unemployment-rate,30974803661550435065497024077898215234773993620334361674235029326635053429067,4.2%,will-us-unemployment-be-4pt2-in-december-2024,unemployment_rate
december-unemployment-rate,77984883532732554097387283684414129882608779920707510411560337071298542230883,4.3%,will-us-unemployment-be-4pt3-in-december-2024,unemployment_rate
december-unemployment-rate,86929943379857635116419026483228061501030756978653603519806111283342813843799,≥4.4%,will-us-unemployment-be-4pt4-or-higher-in-december-2024,unemployment_rate
how-many-jobs-added-in-december-853,67550192344266105746607389261644587702816068614660540240066223884503469830377,<0,will-the-us-lose-jobs-in-december,nfp_jobs_added
how-many-jobs-added-in-december-853,103222277048278835266319381371370507207741821612284145298571972171462616519426,0-25k,will-the-us-add-between-0-and-25k-jobs-in-december,nfp_jobs_added
how-many-jobs-added-in-december-853,56460471552514994488001908720371878920367275784448595519332782853416201661200,25k–50k,will-the-us-add-between-25k-and-50k-jobs-in-december,nfp_jobs_added
how-many-jobs-added-in-december-853,61549810385241484578374238736568045407146470650166688969164804111613439726756,50k–75k,will-the-us-add-between-50k-and-75k-jobs-in-december,nfp_jobs_added
how-many-jobs-added-in-december-853,40185257769487145152502513629093437538283280756846542270597531665328378256899,75k–100k,will-the-us-add-between-75k-and-100k-jobs-in-december,nfp_jobs_added
how-many-jobs-added-in-december-853,100743877984666060157086985262430502163574776609960381658461573230419808913451,100k–125k,will-the-us-add-between-100k-and-125k-jobs-in-december,nfp_jobs_added
how-many-jobs-added-in-december-853,48881137002576194636574698304511550207860725043459693497086703065373952977053,>125k,will-the-us-add-more-than-125k-jobs-in-december,nfp_jobs_added
december-unemployment-rate-938,67420433188934518523059270984451020027927213680477253564977687476112869041767,≤4.4%,will-the-december-2025-unemployment-rate-be-4pt4,unemployment_rate
december-unemployment-rate-938,16506236831848760458241775248569850652283527161660816538782668018455793244621,4.5%,will-the-december-2025-unemployment-rate-be-4pt5,unemployment_rate
december-unemployment-rate-938,13036334135533540102042164914570131967260183606261244090642485035967486004740,4.6%,will-the-december-2025-unemployment-rate-be-4pt6,unemployment_rate
december-unemployment-rate-938,74403359616188920794715996311540861334157361982186735185367988386706323666764,4.7%,will-the-december-2025-unemployment-rate-be-4pt7,unemployment_rate
december-unemployment-rate-938,49506942957954517135432011538295564607434611912053137553247731571579337776879,4.8%,will-the-december-2025-unemployment-rate-be-4pt8,unemployment_rate
december-unemployment-rate-938,65265364007624744192488363357174375554776507840995086517456092728045216260998,≥4.9%,will-the-december-2025-unemployment-rate-be-4pt9,unemployment_rate
february-unemployment-rate,81223208772421784924394376032153095299369998570149467232347787736416782268993,≤3.9%,will-the-unemployment-rate-for-february-be-less-than-or-equal-to-3pt9,unemployment_rate
february-unemployment-rate,100914476606681258932232811703402420882514563722744103471632213192337201222997,4.0%,will-the-unemployment-rate-for-february-be-exactly-4pt0,unemployment_rate
february-unemployment-rate,43793220497660832644871627506132835807100496501532152935507983233537230443619,4.1%,will-the-unemployment-rate-for-february-be-exactly-4pt1,unemployment_rate
february-unemployment-rate,71919036877595893650286459148243041170095755311888597624810024581051085463511,4.2%,will-the-unemployment-rate-for-february-be-exactly-4pt2,unemployment_rate
february-unemployment-rate,111267279330086073156382056873514230308795610964806928379802361557518041548962,≥4.3%,will-the-unemployment-rate-for-february-be-greater-than-or-equal-to-4pt3,unemployment_rate
how-many-jobs-added-in-february-246,56129176036189800357289803645869907248214364733870868092870118051800183566205,<25k,will-the-us-add-less-than-25k-jobs-in-february,nfp_jobs_added
how-many-jobs-added-in-february-246,84578428704889067610965312291867603811321258453057483304716065093379165606690,25k–50k,will-the-us-add-between-25k-and-50k-jobs-in-february,nfp_jobs_added
how-many-jobs-added-in-february-246,97067161137436059500420038333973740328814796972532094271628993589752144911307,50k–75k,will-the-us-add-between-50k-and-75k-jobs-in-february,nfp_jobs_added
how-many-jobs-added-in-february-246,46116209257039342946527124408247071434659305036576378147812864127162029681519,75k–100k,will-the-us-add-between-75k-and-100k-jobs-in-february,nfp_jobs_added
how-many-jobs-added-in-february-246,107440188321558700706831660739336105781850133712261092255283368223947360827222,100k–125k,will-the-us-add-between-100k-and-125k-jobs-in-february,nfp_jobs_added
how-many-jobs-added-in-february-246,94255499859621055655412302817939855299997468538367233648506256168899639599271,125k–150k,will-the-us-add-between-125k-and-150k-jobs-in-february,nfp_jobs_added
how-many-jobs-added-in-february-246,62348018968022937302871277195445798354337303749619177662062933737140138279237,150k–175k,will-the-us-add-between-150k-and-175k-jobs-in-february,nfp_jobs_added
how-many-jobs-added-in-february-246,31747665966980600251960621486408485185613134594068620523428012991268747858195,175k+,will-the-us-add-at-least-175k-jobs-in-february,nfp_jobs_added
how-many-jobs-added-in-january,61691676203962976637878676991042117779194164642096553869664925021761891608860,<100k,will-there-be-less-than-100k-jobs-added-in-january-2025,nfp_jobs_added
how-many-jobs-added-in-january,48232276655217154391724926529467023991240274853674308694808786040508579897213,100-150k,will-there-be-100-150k-jobs-added-in-january-2025,nfp_jobs_added
how-many-jobs-added-in-january,37282463733489803726725185923776346256910005027992223349478684499498938250082,150-200k,will-there-be-150-200k-jobs-added-in-january-2025,nfp_jobs_added
how-many-jobs-added-in-january,19607272679305276840771811742894150981729520598975515110609157912402496270275,200-250k,will-there-be-200-250k-jobs-added-in-january-2025,nfp_jobs_added
how-many-jobs-added-in-january,926070573492071242287562181387390870767184628878907846719152268735910249840,250-300k,will-there-be-250-300k-jobs-added-in-january-2025,nfp_jobs_added
how-many-jobs-added-in-january,101508301557348853566277643362701434115488938144710310937478472255308075806983,>300k,will-there-be-over-300k-jobs-added-in-january-2025,nfp_jobs_added
january-unemployment-rate,71741174678853176379691967141566061746675116377336485997430666781367800618399,≤4.0%,will-the-january-unemployment-rate-be-less-than-or-equal-to-4pt0,unemployment_rate
january-unemployment-rate,114827197661892361152052161088590874827340716669662103497969052461621558523925,4.1%,will-the-january-unemployment-rate-be-4pt1,unemployment_rate
january-unemployment-rate,114430697253350283909837009175421015907871437975009964573243647901958052570164,≥4.3%,will-the-january-unemployment-rate-be-4pt3-or-higher,unemployment_rate
january-unemployment-rate,41379268876742438343725526545602014772900384745453851331007544204742620188690,4.2%,will-the-january-unemployment-rate-be-4pt2,unemployment_rate
how-many-jobs-added-in-january-321,50510163899020039463788503342630807376549815249229193289299618375478610495459,<0,will-the-us-lose-jobs-in-january,nfp_jobs_added
how-many-jobs-added-in-january-321,76726112385075999886207275360730354143735552634800943492058402188646520060411,0-25k,will-the-us-add-between-0-and-25k-jobs-in-january,nfp_jobs_added
how-many-jobs-added-in-january-321,106627692055064702006466811407933905927586412604802549713880438427611221896926,25k–50k,will-the-us-add-between-25k-and-50k-jobs-in-january,nfp_jobs_added
how-many-jobs-added-in-january-321,7158939381351018326569434340112059209004366223181427398063724819272211713323,50k–75k,will-the-us-add-between-50k-and-75k-jobs-in-january,nfp_jobs_added
how-many-jobs-added-in-january-321,98284609236456440285077723924969606622436775822298650136189080634966708666140,75k–100k,will-the-us-add-between-75k-and-100k-jobs-in-january,nfp_jobs_added
how-many-jobs-added-in-january-321,39228096108047728442807537221912004599348738318787464051426179122074571507871,100k–125k,will-the-us-add-between-100k-and-125k-jobs-in-january,nfp_jobs_added
how-many-jobs-added-in-january-321,28457597234106956057122129360338952567900970381404840965725685703850283347126,>125k,will-the-us-add-more-than-125k-jobs-in-january,nfp_jobs_added
january-unemployment-rate-333,109972397409492568096150251825380576187477288079512953966594096116099533731128,≤4.2%,will-the-january-2026-unemployment-rate-be-4pt2,unemployment_rate
january-unemployment-rate-333,719341067420630728381196859864984567327769393810780877475955600006539823536,4.3%,will-the-january-2026-unemployment-rate-be-4pt3,unemployment_rate
january-unemployment-rate-333,17414397023338607763937300088736418608503586276478383877329300975760030517295,4.4%,will-the-january-2026-unemployment-rate-be-4pt4,unemployment_rate
january-unemployment-rate-333,12352186848671020289082604184592504688614070937255799769985284095469682054143,4.5%,will-the-january-2026-unemployment-rate-be-4pt5,unemployment_rate
january-unemployment-rate-333,73373416942101043279766276190169709457067560689292633825385315556615015258853,4.6%,will-the-january-2026-unemployment-rate-be-4pt6,unemployment_rate
january-unemployment-rate-333,34166982530322566066167935920067259949979758488160832629295377406426245227795,≥4.7%,will-the-january-2026-unemployment-rate-be-4pt7,unemployment_rate
july-jobs-report-prints-negative,81994367345837812465619177742336102631837623976835016877456626988967912795985,Yes/No,july-jobs-report-prints-negative,nfp_prints_negative
how-many-jobs-added-in-july-20260702221813246,70595547378729076298416251203823917031802371737131010950177721832574669744578,<0,will-the-us-lose-jobs-in-july-20260702221826043,nfp_jobs_added
how-many-jobs-added-in-july-20260702221813246,98904566879600417266572767993401868568261147996844662494788743038313111679881,0 – 50k,will-the-us-add-between-0-and-50k-jobs-in-july-20260702221826044,nfp_jobs_added
how-many-jobs-added-in-july-20260702221813246,18370969481551829534394302927582299672836540010387476781381309165790549662695,50k – 100k,will-the-us-add-between-50k-and-100k-jobs-in-july-20260702221826045,nfp_jobs_added
how-many-jobs-added-in-july-20260702221813246,59898209812948256223109634991314463594461883272542458868995701508695443954229,100k – 150k,will-the-us-add-between-100k-and-150k-jobs-in-july-20260702221826046,nfp_jobs_added
how-many-jobs-added-in-july-20260702221813246,34183052696078260679110632799429870328217838580533175919496783984329926094943,150k – 200k,will-the-us-add-between-150k-and-200k-jobs-in-july-20260702221826047,nfp_jobs_added
how-many-jobs-added-in-july-20260702221813246,87586672355677793076171254835595026454806668845435847986494680059918891190835,200k+,will-the-us-add-at-least-200k-jobs-in-july-20260702221826048,nfp_jobs_added
july-unemployment-rate-20260702221240753,70438009039647181703565523957191759404028314641643146625669658893171579507879,≤3.9%,will-the-july-2026-unemployment-rate-be-3pt9-20260702221258028,unemployment_rate
july-unemployment-rate-20260702221240753,94817036794988760025458081681824442709337349767492782908082024421927415795218,4.0%,will-the-july-2026-unemployment-rate-be-4pt0-20260702221258029,unemployment_rate
july-unemployment-rate-20260702221240753,94252043083975188521374767737874201637980517121348509633589713170296468935604,4.1%,will-the-july-2026-unemployment-rate-be-4pt1-20260702221258030,unemployment_rate
july-unemployment-rate-20260702221240753,82750223602467499291606317377323028655162457314492192517348580484029014447212,4.2%,will-the-july-2026-unemployment-rate-be-4pt2-20260702221258031,unemployment_rate
july-unemployment-rate-20260702221240753,54144808589778315458103226034419434733709169959721746987489851543184822300073,4.3%,will-the-july-2026-unemployment-rate-be-4pt3-20260702221258032,unemployment_rate
july-unemployment-rate-20260702221240753,87090316005963206973906920232621155953370001315862279155682552730213362290823,4.4%,will-the-july-2026-unemployment-rate-be-4pt4-20260702221258033,unemployment_rate
july-unemployment-rate-20260702221240753,12806171044802123601360760211917394139168037673933887960685825793865759742678,4.5%,will-the-july-2026-unemployment-rate-be-4pt5-20260702221258034,unemployment_rate
july-unemployment-rate-20260702221240753,90585467277196813944540132304231101928304994279494259725283366231428610586976,4.6%,will-the-july-2026-unemployment-rate-be-4pt6-20260702221258035,unemployment_rate
july-unemployment-rate-20260702221240753,54382626050875131083645496552755550604773269929650577364576021934160679468463,≥4.7%,will-the-july-2026-unemployment-rate-be-4pt7-20260702221258036,unemployment_rate
june-jobs-report-prints-negative,6211854597908569296142101449691097456724155161414726259968121653147001645943,Yes/No,june-jobs-report-prints-negative,nfp_prints_negative
how-many-jobs-added-in-june-20260605153057140,100739518686829829813432473034401156155150983589710174417445575051708986615016,<0,will-the-us-lose-jobs-in-june-20260605153249411,nfp_jobs_added
how-many-jobs-added-in-june-20260605153057140,79155024796916286640708756284986368286733957698964382809645159505615479525442,0 – 50k,will-the-us-add-between-0-and-50k-jobs-in-june-20260605153249412,nfp_jobs_added
how-many-jobs-added-in-june-20260605153057140,32726848811555537714341143206349233163831732835827270744807386688951779809032,50k – 100k,will-the-us-add-between-50k-and-100k-jobs-in-june-20260605153249413,nfp_jobs_added
how-many-jobs-added-in-june-20260605153057140,42341577894524917845503469697175652024661952053628887622698512725512680673997,100k – 150k,will-the-us-add-between-100k-and-150k-jobs-in-june-20260605153249414,nfp_jobs_added
how-many-jobs-added-in-june-20260605153057140,53855471412307437316180809786396196524657392507975895695819416436004119309893,150k – 200k,will-the-us-add-between-150k-and-200k-jobs-in-june-20260605153249415,nfp_jobs_added
how-many-jobs-added-in-june-20260605153057140,14855800579296023748231382171866056524256208973940092898081675927792494228948,200k+,will-the-us-add-at-least-200k-jobs-in-june-20260605153249416,nfp_jobs_added
june-unemployment-rate-734,93397355483522092140665021480629370566792863554124061615599906059777304075892,≤3.9%,will-the-june-2026-unemployment-rate-be-3pt9,unemployment_rate
june-unemployment-rate-734,73210958942648714443061251073492768533621499060223962129646540995130769999170,4.0%,will-the-june-2026-unemployment-rate-be-4pt0,unemployment_rate
june-unemployment-rate-734,76079322547042952585320269344292142880478119608887014906837350263556502785902,4.1%,will-the-june-2026-unemployment-rate-be-4pt1,unemployment_rate
june-unemployment-rate-734,29582609739066375059925138360697242041720176410454364213820751228078280756367,4.2%,will-the-june-2026-unemployment-rate-be-4pt2,unemployment_rate
june-unemployment-rate-734,15603900327850543849209241884112771856919453238778072595533463172374241516540,4.3%,will-the-june-2026-unemployment-rate-be-4pt3,unemployment_rate
june-unemployment-rate-734,4400756047017103132043663552118405216270252920829596563280644943954085140334,4.4%,will-the-june-2026-unemployment-rate-be-4pt4,unemployment_rate
june-unemployment-rate-734,15528415976968913257133804614091446488279363176383775350012198297131268522777,4.5%,will-the-june-2026-unemployment-rate-be-4pt5,unemployment_rate
june-unemployment-rate-734,99600532394549852597292891930060066543857537979043560787441045800571295194382,4.6%,will-the-june-2026-unemployment-rate-be-4pt6,unemployment_rate
june-unemployment-rate-734,43621976198573343217013180070354109558443632167696512722197684371105016325820,≥4.7%,will-the-june-2026-unemployment-rate-be-4pt7,unemployment_rate
march-unemployment-rate,14797663004151760284996283215943008751967687123522778294926123160328109432589,≤3.9%,will-the-march-2025-unemployment-rate-be-3pt9,unemployment_rate
march-unemployment-rate,94315917212600833777901885877422130090234313187092625965943963882396622387670,4.0%,will-the-march-2025-unemployment-rate-be-4pt0,unemployment_rate
march-unemployment-rate,60483167523433036120810005715633442969103964099320005496014168478223189171882,4.1%,will-the-march-2025-unemployment-rate-be-between-4pt1,unemployment_rate
march-unemployment-rate,111557684233300006651894351021733093394151570453516318710315998836930857438039,4.2%,will-the-march-2025-unemployment-rate-be-between-4pt2,unemployment_rate
march-unemployment-rate,65419781727628930450321780576818878638540125225196622901798147936501548183028,≥4.3%,will-the-march-2025-unemployment-rate-be-between-4pt3,unemployment_rate
march-unemployment-rate-561,58731168513614801327309592574056955460178951742455738520701315002942591572865,≤3.9%,will-the-march-2026-unemployment-rate-be-3pt9,unemployment_rate
march-unemployment-rate-561,53792253595816438177823091714265042472610836892022400499087238129132792761564,4.0%,will-the-march-2026-unemployment-rate-be-4pt0,unemployment_rate
march-unemployment-rate-561,36284545861262474630426063152691181495186240823692424709272857046168229182473,4.1%,will-the-march-2026-unemployment-rate-be-4pt1,unemployment_rate
march-unemployment-rate-561,92276010140231126401220496809608938489048344397293299017415696805126826093791,4.2%,will-the-march-2026-unemployment-rate-be-4pt2,unemployment_rate
march-unemployment-rate-561,99789307347861124546911039176969290898901948547897179804731854677657754815530,4.3%,will-the-march-2026-unemployment-rate-be-4pt3,unemployment_rate
march-unemployment-rate-561,101436175230435868903093935421065500599954162237971332567064161329039251428244,4.4%,will-the-march-2026-unemployment-rate-be-4pt4,unemployment_rate
march-unemployment-rate-561,18726942941409077495881782076520602452618483112422964551549203434456676197664,4.5%,will-the-march-2026-unemployment-rate-be-4pt5,unemployment_rate
march-unemployment-rate-561,78887624194202996576593903565422721838865432852874259151934043813137548583227,4.6%,will-the-march-2026-unemployment-rate-be-4pt6,unemployment_rate
march-unemployment-rate-561,68787765263397511450249085618985288918399222446948480181643148567051948948484,≥4.7%,will-the-march-2026-unemployment-rate-be-4pt7,unemployment_rate
how-many-jobs-added-in-may-945,32027344457901883264886813721974537416018730500968557461794690165396426635995,<0,will-the-us-lose-jobs-in-may,nfp_jobs_added
how-many-jobs-added-in-may-945,43629914937554187093543246677521767120933374680046879175807285972584287502472,0 – 50k,will-the-us-add-between-0-and-50k-jobs-in-may,nfp_jobs_added
how-many-jobs-added-in-may-945,45502635990339550712825089178783672398214550567802406570459110238618699698662,50k – 100k,will-the-us-add-between-50k-and-100k-jobs-in-may,nfp_jobs_added
how-many-jobs-added-in-may-945,19554727994050067376081240120096081077738517794829260314218598764466314625428,100k – 150k,will-the-us-add-between-100k-and-150k-jobs-in-may,nfp_jobs_added
how-many-jobs-added-in-may-945,16503822414964112138306130816366425187820371348218020020073701282416537996343,150k – 200k,will-the-us-add-between-150k-and-200k-jobs-in-may,nfp_jobs_added
how-many-jobs-added-in-may-945,88570554758908239347261055428351983541473825197433377078408943068213614089990,200k+,will-the-us-add-at-least-200k-jobs-in-may,nfp_jobs_added
may-unemployment-rate-168,62177022534771664534790226074968627672886989074650694300882038588346681840653,≤3.9%,will-the-may-2026-unemployment-rate-be-3pt9,unemployment_rate
may-unemployment-rate-168,79799426347991265272672580653784437869028496962719324173527113354988933129261,4.0%,will-the-may-2026-unemployment-rate-be-4pt0,unemployment_rate
may-unemployment-rate-168,40206365244470314474166931240692992963125832634339911057666075660234599260114,4.1%,will-the-may-2026-unemployment-rate-be-4pt1,unemployment_rate
may-unemployment-rate-168,109863271476350775364204929555710980815298011980248001456756334179289709020927,4.2%,will-the-may-2026-unemployment-rate-be-4pt2,unemployment_rate
may-unemployment-rate-168,101753902623663696959913729192585951537019101400579167093466468557265188561104,4.3%,will-the-may-2026-unemployment-rate-be-4pt3,unemployment_rate
may-unemployment-rate-168,103587714170028195470075489470832698259317826117143186529883609536938313050321,4.4%,will-the-may-2026-unemployment-rate-be-4pt4,unemployment_rate
may-unemployment-rate-168,73283096720859038187878982802516946131929200694625389688771518671620572021381,4.5%,will-the-may-2026-unemployment-rate-be-4pt5,unemployment_rate
may-unemployment-rate-168,105826162529845245153129244933209712793274648507793805858067730494474569539737,4.6%,will-the-may-2026-unemployment-rate-be-4pt6,unemployment_rate
may-unemployment-rate-168,51419465594899097408956125228983675838247460610446343572280632193472413614799,≥4.7%,will-the-may-2026-unemployment-rate-be-4pt7,unemployment_rate
november-unemployment-rate,88250205877358235151030677867576072302993091684099763396950494911398939941642,≤4.0%,will-the-november-unemployment-rate-be-4pt0-or-less,unemployment_rate
november-unemployment-rate,80390185655324902184478857342980002306283369529689854984340358325000300956376,4.1%,will-the-november-unemployment-rate-be-4pt1,unemployment_rate
november-unemployment-rate,58897894257733241287134760592694109042411228969146294776009400909950630673055,4.2%,will-the-november-unemployment-rate-be-4pt2,unemployment_rate
november-unemployment-rate,76103504309071719433959734724784925843864935071671610870013226110519466456413,≥4.3%,will-the-november-unemployment-rate-be-4pt3-or-more,unemployment_rate
how-many-jobs-added-in-november-693,31747899397891544569284376663382719077033290142671672857155208000236361258660,<0,will-the-us-lose-jobs-in-november,nfp_jobs_added
how-many-jobs-added-in-november-693,65752323581440652871084181646195114678888284656725900175783514070215643186041,0-25k,will-the-us-add-between-0-and-25k-jobs-in-november,nfp_jobs_added
how-many-jobs-added-in-november-693,9386604155211600139811287896347394927456629237607018584789435606975714750597,25k–50k,will-the-us-add-between-25k-and-50k-jobs-in-november,nfp_jobs_added
how-many-jobs-added-in-november-693,98810638531248845569311816715080757436216235783286767065838068242239359560259,50k–75k,will-the-us-add-between-50k-and-75k-jobs-in-november,nfp_jobs_added
how-many-jobs-added-in-november-693,36151195345667668126247975054300677271228399937962582518398381933280224700389,75k–100k,will-the-us-add-between-75k-and-100k-jobs-in-november,nfp_jobs_added
how-many-jobs-added-in-november-693,96688971371438844883851723872162273823197057367307441095294027042054444274028,100k–125k,will-the-us-add-between-100k-and-125k-jobs-in-november,nfp_jobs_added
how-many-jobs-added-in-november-693,52523339776420580127131699285583501991547998546842999755205431163125047292398,>125k,will-the-us-add-more-than-125k-jobs-in-november,nfp_jobs_added
november-unemployment-rate-765,86030415603367904305508231306803217999113246871162090256914507958809266227725,≤4.1%,will-the-november-2025-unemployment-rate-be-4pt1,unemployment_rate
november-unemployment-rate-765,22237189716352937255204923738479657365876348965683923229204863152247368212987,4.2%,will-the-november-2025-unemployment-rate-be-4pt2,unemployment_rate
november-unemployment-rate-765,65940151081622850773995921003142252566483499825333396433423542294130286586532,4.3%,will-the-november-2025-unemployment-rate-be-4pt3,unemployment_rate
november-unemployment-rate-765,105881706191328976190525008903800515002858769177947829921340659866000531965012,4.4%,will-the-november-2025-unemployment-rate-be-4pt4,unemployment_rate
november-unemployment-rate-765,21263096327420223873934382675983651735370798212312679603567239285970192095101,4.5%,will-the-november-2025-unemployment-rate-be-4pt5,unemployment_rate
november-unemployment-rate-765,57679752286881401140935554988754916931267706035110190975317925099373132015343,≥4.6%,will-the-november-2025-unemployment-rate-be-4pt6,unemployment_rate
unemployment-rate-over-4pt1-in-october,33452350288513549254914757033264389754893259553323655636201453811665248668148,Yes/No,unemployment-rate-over-4pt1-in-october,unemployment_rate
will-the-next-bls-employment-situation-report-be-released-by-october-3-2025-830-am-et,96933170291977476863782832430033839554518748216600930113608347994277856747603,Yes/No,will-the-next-bls-employment-situation-report-be-released-by-october-3-2025-830-am-et,outro
how-many-jobs-added-in-september-522,21787257977431440205415354327707155407355126144609423263847233034445644746038,<0,will-the-us-loose-jobs-in-september,nfp_jobs_added
how-many-jobs-added-in-september-522,7400735513900940895832591657277269316375993108283350901186523427322146626446,25k–50k,will-the-us-add-between-25k-and-50k-jobs-in-september-783,nfp_jobs_added
how-many-jobs-added-in-september-522,27256219343081103425596336914490488875221192244055422314182570191920301330753,50k–75k,will-the-us-add-between-50k-and-75k-jobs-in-september-233,nfp_jobs_added
how-many-jobs-added-in-september-522,46866435854271862374494188672505713574109801250055407889122256767623499426244,75k–100k,will-the-us-add-between-75k-and-100k-jobs-in-september-122,nfp_jobs_added
how-many-jobs-added-in-september-522,95811185604001703792171123465368365619380611355353306905491288149056119274187,100k–125k,will-the-us-add-between-100k-and-125k-jobs-in-september-689,nfp_jobs_added
how-many-jobs-added-in-september-522,87510770118397426986158590090863589252315765603645729013990558851388284468996,>125k,will-the-us-add-more-than-125k-jobs-in-september,nfp_jobs_added
how-many-jobs-added-in-september-522,49955451983887716303139844058377538462497987285989875635569498628740846103877,0-25k,will-the-us-add-between-0-and-25k-jobs-in-september,nfp_jobs_added
september-unemployment-rate,74099413925921557477556037557853922419968351239593556257858533039227664895960,≤4.0%,will-the-september-2025-unemployment-rate-be-4pt0,unemployment_rate
september-unemployment-rate,37186597914715005452782013420453477339933223549152646647330111663702071863347,4.1%,will-the-september-2025-unemployment-rate-be-4pt1,unemployment_rate
september-unemployment-rate,69946174965341615479039033688893976348222167096569246554440141365241627803979,4.2%,will-the-september-2025-unemployment-rate-be-4pt2,unemployment_rate
september-unemployment-rate,56255839373638134572423966671983219161016254334195145559813106612803305287634,4.3%,will-the-september-2025-unemployment-rate-be-4pt3,unemployment_rate
september-unemployment-rate,46690863355325116694826784750344669262093952565106426917839471295550635502192,4.4%,will-the-september-2025-unemployment-rate-be-4pt4,unemployment_rate
september-unemployment-rate,6446514219752124934715496995983543479855839803597507132250260113447576325071,≥4.5%,will-the-september-2025-unemployment-rate-be-4pt5,unemployment_rate
