data,retorno_liquido,retorno_bruto,custo,giro,alavancagem,n_views,n_taticas,benchmark_spy,acum_estrategia,acum_spy,excesso_acum,dd_estrategia,dd_spy
2025-02-10,0.008421077774711613,0.00882084008691162,0.0003997623122000061,1.9988115610000303,1.9988115610000303,3,1,0.006791328320455037,0.008421077774711572,0.006791328320455037,0.001629749454256535,0.0,0.0
2025-02-11,-0.00126670689824047,-0.0008690736623819563,0.00039763323585851376,1.9881661792925687,1.9819663389217625,3,1,0.0007604384781254581,0.007143703839163296,0.007556931185952909,-0.00041322734678961304,-0.0012667068982403773,0.0
2025-02-12,-0.0012518136468275402,-0.0012267835876308972,2.5030059196642918e-05,0.1251502959832146,1.9834417726889204,3,1,-0.003221485072722685,0.005882947606380862,0.004311101572219034,0.0015718460341618279,-0.0025169348640863287,-0.003221485072722685
2025-02-13,0.009023512180779403,0.009364464808948588,0.00034095262816918507,1.7047631408459252,1.9922908216983535,3,1,0.01055750138825129,0.014959544636545363,0.014914117421303885,4.542721524147808e-05,0.0,0.0
2025-02-14,0.00034716648988425224,0.0003701742919137186,2.300780202946633e-05,0.11503901014733164,1.9880357822125045,3,1,-4.917697295880874e-05,0.01531190457903131,0.01486420701719604,0.00044769756183526965,0.0,-4.917697295869772e-05
2025-02-18,0.0033169386089381223,0.0034164275697201106,9.94889607819881e-05,0.49744480390994045,1.9999999999999998,3,1,0.0029357958462659095,0.018679631835444077,0.017843641140681044,0.0008359906947630336,0.0,0.0
2025-02-19,0.0033846514705693554,0.0033924551146212968,7.803644051941437e-06,0.039018220259707186,1.9999999999999998,3,1,0.002354919076306361,0.022127507349374964,0.020240580547900455,0.0018869268014745089,0.0,0.0
2025-02-20,-0.003763859445064066,-0.0037267159949394063,3.7143450124659686e-05,0.1857172506232984,1.9978275317130285,3,1,-0.004160245253420958,0.018280363076778272,0.015996129515328583,0.002284233561449689,-0.003763859445064077,-0.004160245253420958
2025-02-21,-0.01805629573935059,-0.018050739155370858,5.556583979732848e-06,0.027782919898664236,1.9978233064067366,3,1,-0.017103904429360828,-0.00010600830450935295,-0.0013813711845021004,0.0012753628799927474,-0.021752193825153254,-0.021192993245564562
2025-02-24,-0.004447776047151869,-0.004436229316107095,1.1546731044773224e-05,0.057733655223866115,1.9999999999999991,3,0,-0.004550612879402727,-0.0045533128504635645,-0.0059256979784013675,0.001372385127937803,-0.026103220985636444,-0.025647165016950968
2025-02-25,-0.006474288648682506,-0.0064607741464165905,1.3514502265915133e-05,0.06757251132957566,2.0,3,1,-0.004973182941032439,-0.010998122037444436,-0.010869411339333945,-0.00012871069811049018,-0.03240850984699761,-0.03049279991443521
2025-02-26,0.0007812705486924288,0.0007892395136103268,7.968964917898029e-06,0.03984482458949014,2.0,3,1,0.0005046930920669102,-0.010225443997590733,-0.010370203964084834,0.00014475996649410128,-0.031652559112575696,-0.030003496327842938
2025-02-27,-0.015425448854924712,-0.015393982786373463,3.146606855124872e-05,0.1573303427562436,2.0,3,1,-0.015961704022717016,-0.02549316078911168,-0.026166381860471932,0.0006732210713602527,-0.04658975303578183,-0.0454862934225283
2025-02-28,0.01804020667528214,0.018096211606046866,5.600493076472634e-05,0.2800246538236317,1.9999999999999996,3,1,0.015605595005157014,-0.007912856003271407,-0.010969128813379747,0.0030562728101083403,-0.029390035134215675,-0.030590539090809
2025-03-03,-0.01755768244767794,-0.01754721869309994,1.046375457800289e-05,0.052318772890014444,1.9999999999999998,3,1,-0.017520080316040132,-0.025331607037989756,-0.02829702911161247,0.0029654220736227144,-0.04643169667788094,-0.04757467070506716
2025-03-04,-0.012023543041445867,-0.012010315491028182,1.3227550417684559e-05,0.06613775208842279,1.9999999999999998,3,1,-0.01183676164866676,-0.03705057441190529,-0.03979884557131974,0.0027482711594144504,-0.057896966215832846,-0.05884830231608429
2025-03-05,0.009097825261945353,0.009114916821926554,1.70915599811999e-05,0.08545779990599948,2.0,3,1,0.010747730837302738,-0.028289828801814187,-0.02947886201385297,0.0011890332120387814,-0.049325877435715926,-0.04873305719230714
2025-03-06,-0.016686658350232305,-0.016682166113798882,4.492236433423849e-06,0.02246118216711924,2.0,3,1,-0.01775115672124894,-0.04450442444404401,-0.046706734835529895,0.0022023103914858844,-0.06518945172135304,-0.06561914577782979
2025-03-07,0.005302397888308721,0.0053322396751172745,2.984178680855299e-05,0.14920893404276495,1.9999999999999998,4,1,0.005604885844907148,-0.039438006721927876,-0.04136363490756423,0.0019256281856363522,-0.06023271424419163,-0.060382047754247714
2025-03-10,-0.02785764734870732,-0.027479273889772084,0.00037837345893523605,1.89186729467618,2.0,3,1,-0.026635619444153158,-0.06619700398723982,-0.06689750831349262,0.0007005043262527932,-0.08641241988062887,-0.08540935395315996
2025-03-11,-0.008017372668203833,-0.007979397640195904,3.7975028007928565e-05,0.18987514003964281,2.0,3,1,-0.008312669692227548,-0.0736836506049593,-0.07465408111587701,0.0009704305109177191,-0.09373699197548835,-0.0930120438973483
2025-03-12,0.0009122505414988491,0.0013006390755908133,0.00038838853409196416,1.9419426704598208,2.0,2,1,0.005306375691130905,-0.07283861801362435,-0.06974384802602307,-0.0030947699876012758,-0.09291025305567757,-0.08819922505493671
2025-03-13,-0.012786270961435678,-0.012416548303132253,0.00036972265830342486,1.8486132915171243,2.0000000000000004,3,1,-0.013330436330021067,-0.08469355466868134,-0.08214456843052254,-0.0025489862381588013,-0.10450854834644774,-0.10035392723100567
2025-03-14,0.02118628892180315,0.021189943267633283,3.6543458301331526e-06,0.01827172915066576,2.0000000000000004,3,1,0.02065567864541107,-0.06530160786590344,-0.06318564159307827,-0.002115966272825176,-0.08553640772471072,-0.08177112705728318
2025-03-17,0.00910374603783621,0.009108435592993163,4.689555156953616e-06,0.02344777578476808,1.9999999999999996,3,1,0.007711337640769589,-0.056792351081940695,-0.05596154976868151,-0.0008308013132591885,-0.07721136341978907,-0.07469035418651848
2025-03-18,-0.011299420325405556,-0.011297494347268917,1.9259781366393017e-06,0.009629890683196508,1.9999999999999998,3,1,-0.010808379622018083,-0.06745005076120336,-0.06616507571656327,-0.001284975044640091,-0.08763834009601668,-0.08469145210638573
2025-03-19,0.008714555858832409,0.008722605295440049,8.049436607640982e-06,0.0402471830382049,1.9919424286085272,3,1,0.010890845995021214,-0.0593232921374105,-0.05599482337142003,-0.0033284687659904666,-0.07968751344732639,-0.07472296767334985
2025-03-20,-0.003419698638594021,-0.0034076177168696517,1.2080921724369326e-05,0.06040460862184663,2.0,3,1,-0.0028916989401738258,-0.06254012299464529,-0.05872460214019548,-0.0038155208544498054,-0.08283470480467159,-0.07739859028709606
2025-03-21,-0.00026970133903438153,-0.0002662476383842736,3.453700650107923e-06,0.017268503250539614,1.9995021753480393,3,1,0.0003300017356377971,-0.06279295717876465,-0.05841397962518857,-0.00437897755357608,-0.08308206551290165,-0.07709413022058886
2025-03-24,0.017258745049867526,0.017259798435922378,1.05338605485273e-06,0.0052669302742636495,1.9979833931939772,3,1,0.017908266296636555,-0.04661793976777262,-0.041551806431126215,-0.005066133336646406,-0.06725721264993767,-0.060566486137850206
2025-03-25,0.0013282383237407172,0.001333202158205176,4.963834464458914e-06,0.02481917232229457,1.9981591830231067,3,1,0.002403929606058286,-0.04535162117820524,-0.039247764442732924,-0.006103856735472313,-0.06601830793358643,-0.05830815410095358
2025-03-26,-0.01267365998669854,-0.01267127351909722,2.38646760131954e-06,0.011932338006597699,1.9982793803884016,3,1,-0.011938228305225729,-0.05745051013824565,-0.05071744397557154,-0.006733066162674106,-0.07785527433263761,-0.0695502863504659
2025-03-27,-0.004933702329907539,-0.0049294938092444285,4.208520663110291e-06,0.021042603315551453,1.9993100130232402,3,1,-0.0026558447361686444,-0.06210076875242976,-0.05323859105512574,-0.008862177697304019,-0.08240486191417462,-0.07202141632473158
2025-03-28,-0.020531660042635038,-0.02052995385180372,1.7061908313161544e-06,0.008530954156580771,2.0,3,1,-0.020138214540216803,-0.08135739692265365,-0.07230467542685559,-0.009052721495798055,-0.10124461334612755,-0.09070924813151071
2025-03-31,0.006277628928683056,0.006283765627024309,6.136698341253531e-06,0.030683491706267656,1.9994469415298657,3,1,0.006712800625198856,-0.07559049954245467,-0.06607724167206697,-0.009513257870387704,-0.09560256053105953,-0.08460536060388046
2025-04-01,0.004554512416517212,0.004555565001551131,1.0525850339187029e-06,0.0052629251695935145,2.0,3,1,0.0028245533885180585,-0.07138026499467431,-0.06343932698041765,-0.00794093801425666,-0.09148347116353195,-0.08201977957334283
2025-04-02,0.007269344376831382,0.007271266355606838,1.921978775456184e-06,0.00960989387728092,1.999884746790808,3,1,0.006328297594604848,-0.06462980834579868,-0.0575124923261463,-0.0071173160196523755,-0.08487915164337612,-0.076210527552522
2025-04-03,-0.053237105569476494,-0.05323374830390001,3.3572655764861877e-06,0.016786327882430938,2.0,3,1,-0.04928080108999533,-0.11442620998543485,-0.1039590317216269,-0.010467178263807941,-0.1335975368561666,-0.12173561279323786
2025-04-04,-0.05377729263431365,-0.05376415759108602,1.313504322762465e-05,0.06567521613812324,1.9999999999999996,4,1,-0.05854299254528794,-0.16204997084032635,-0.15641595144782028,-0.005634019392506073,-0.18019031565574273,-0.17315183826627512
2025-04-07,-0.0006262396762086124,-0.0006125513994950859,1.3688276713526496e-05,0.06844138356763248,2.0000000000000004,3,1,-0.0017812496995063265,-0.1625747283952662,-0.15791858528081215,-0.004656143114454059,-0.18070371300701904,-0.1746246613059007
2025-04-08,-0.018776678730626568,-0.018772005017614737,4.67371301183104e-06,0.0233685650591552,2.0,3,1,-0.01566269392150721,-0.17829879368109602,-0.1711078487365486,-0.007190944944547417,-0.19608737617308147,-0.1875522626062267
2025-04-09,0.10538967447431474,0.1053927964666757,3.1219923609585242e-06,0.01560996180479262,2.0,3,1,0.10501925332407813,-0.0916999710319949,-0.08405821392467216,-0.007641757107322733,-0.1113632864421702,-0.102229607860296
2025-04-10,-0.0340761894077437,-0.03371222975421942,0.00036395965352428245,1.8197982676214122,1.0633857030368272,3,1,-0.043818954699414436,-0.12265137485816768,-0.12419382555600766,0.001542450697839981,-0.14164463940804162,-0.14156896800394125
2025-04-11,0.026957304725722685,0.027158325618675646,0.0002010208929529623,1.0051044647648115,2.0,2,1,0.01784277577362925,-0.09900042061952541,-0.10856701236424349,0.009566591744718078,-0.11850569238960662,-0.12625217558291035
2025-04-14,0.01228010366815629,0.012309774230810278,2.9670562653988466e-05,0.14835281326994232,1.9999999999999998,2,1,0.00970139106478829,-0.08793605237976787,-0.09991887234313646,0.011982819963368585,-0.10768085090926116,-0.11777560624623229
2025-04-15,-0.004189446864412551,-0.004087408181937063,0.00010203868247548833,0.5101934123774416,1.900254350880398,2,1,-0.002800907238158734,-0.09175709582526925,-0.10243991608852066,0.010682820263251402,-0.11141917457047479,-0.12024663493637733
2025-04-16,-0.02106341378330789,-0.02093172719605631,0.00013168658725158002,0.6584329362579001,1.9228958314966,2,1,-0.022227850695285878,-0.11088779193165488,-0.12239074762375324,0.01150295569209836,-0.13013572017641017,-0.13980166138368688
2025-04-17,-0.00887052235483052,-0.008497343714584778,0.0003731786402457416,1.865893201228708,1.9653412950702904,2,1,0.0014267171117980926,-0.11877468164927785,-0.12113864748591574,0.0023639658366378935,-0.13785187071625382,-0.13857440169444268
2025-04-21,-0.014759815094182643,-0.014712576539886519,4.723855429612508e-05,0.2361927714806254,2.0,2,1,-0.02380276591259234,-0.13178140440444674,-0.1420579785294328,0.01027657412498606,-0.15057701768827736,-0.15907871356202474
2025-04-22,0.015625851556573218,0.015677300638286516,5.144908171329802e-05,0.2572454085664901,2.0,2,1,0.02601794197538787,-0.11821474951101407,-0.11973609279656461,0.001521343285550536,-0.13730406025793263,-0.13719967232561292
2025-04-23,0.017358946710863247,0.017395791912766165,3.684520190291954e-05,0.18422600951459767,1.968058130677667,2,1,0.01549536109982208,-0.1029078863373506,-0.10609608569130713,0.0031881993539565334,-0.12232856741227205,-0.12383026969125355
2025-04-24,0.022051200654772604,0.02216604641532968,0.00011484576055707328,0.5742288027853664,1.6996422128772133,2,1,0.021048912949868326,-0.08312592813316144,-0.08728038001347693,0.004154451880315491,-0.10297485854331834,-0.10538784930867517
2025-04-25,0.009163187853095084,0.009296258855157497,0.00013307100206241273,0.6653550103120636,1.975912706776031,2,1,0.007225311311978455,-0.07472443877501334,-0.08068569661852365,0.005961257843510315,-0.09475524866320151,-0.0989239980164518
2025-04-28,-0.0005283820027797624,-0.0005049269174381191,2.3455085341643303e-05,0.1172754267082165,1.9129338939739204,2,1,0.000381272763119167,-0.07521333772917649,-0.08033518711389842,0.005121849384721933,-0.09523356369791858,-0.09858044227939511
2025-04-29,0.005203783936197572,0.005254088444128892,5.0304507931320286e-05,0.25152253965660143,2.0,2,1,0.006299389544388578,-0.07040094775164185,-0.07454186020726161,0.004140912455619761,-0.09052535465067912,-0.09290204934238255
2025-04-30,0.00463750184043052,0.004645409074613033,7.907234182513104e-06,0.03953617091256552,2.0000000000000004,2,1,0.00039694175083582195,-0.06608993043597755,-0.07417450723292707,0.008084576796949516,-0.08630766430904668,-0.092541984293669
2025-05-01,0.01134715349630892,0.01135228687112181,5.1333748128903345e-06,0.025666874064451672,2.0,2,1,0.007086979683865069,-0.05549270952488594,-0.06761320077488242,0.012120491249996479,-0.07593985712756035,-0.08611084777239764
2025-05-02,0.007798041604458293,0.007820813938782352,2.2772334324058565e-05,0.11386167162029281,1.9999999999999998,2,1,0.014844024038501491,-0.0481274023780468,-0.05377282871400335,0.005645426335956549,-0.06873399768841937,-0.07254505522820542
2025-05-05,-0.0008876731166120315,-0.0007648848312977476,0.00012278828531428387,0.6139414265714194,2.0,2,1,-0.005734324797424639,-0.04897235409339551,-0.059198802646305615,0.010226448552910106,-0.06956065748308615,-0.07786338311650443
2025-05-06,-0.005012629720619373,-0.004929170065750103,8.345965486927018e-05,0.41729827434635086,2.0,2,1,-0.008358326594873233,-0.05373950353639756,-0.0670623263146356,0.013322822778238042,-0.07422460538461984,-0.08557090212550822
2025-05-07,0.004620523342461258,0.0047400401995005195,0.00011951685703926192,0.5975842851963096,2.0,2,1,0.00420552756227166,-0.04936728482443853,-0.06313883121407016,0.013771546389631628,-0.06994703856392326,-0.08172524535065373
2025-05-08,0.0028916051854587896,0.003041497705499008,0.0001498925200402182,0.749462600201091,1.8828605718624154,2,1,0.006967762571935099,-0.04661843033577007,-0.056611005027104144,0.009992574691334077,-0.06725769259788339,-0.07532692488445514
2025-05-09,-0.0012746990856101709,-0.0012392068745899045,3.549221102026632e-05,0.1774610551013316,1.795534681252193,2,1,-0.0012742213508586397,-0.0478337049508587,-0.05781309142666369,0.009979386475804986,-0.0684466583642388,-0.07650516305933153
2025-05-12,0.023467091047618467,0.023520960790073677,5.386974245520935e-05,0.26934871227604673,1.9292227779839648,2,1,0.03304754271395138,-0.025489131812466925,-0.02667612932106056,0.0011869975085936346,-0.0465858112803591,-0.04598592798942114
2025-05-13,0.008375652932494555,0.00842985577855172,5.4202846057164303e-05,0.2710142302858215,1.893338295285748,2,1,0.006603860821533747,-0.017326967001584204,-0.020248433944820343,0.0029214669432361395,-0.038600344934727526,-0.0396857518360787
2025-05-14,0.0004855371271945663,0.0008133591377059658,0.0003278220105113995,1.6391100525569975,1.9838008932364768,3,1,0.001277977174232836,-0.01684984276017054,-0.018996333806982957,0.0021464910468124154,-0.03813354970812133,-0.03845849214683461
2025-05-15,0.00483265256674111,0.004847680134457425,1.5027567716314699e-05,0.0751378385815735,1.9839853002937156,3,1,0.004884285649128461,-0.012098619629293594,-0.014204831678453989,0.002106212049160394,-0.03348518333825612,-0.03376204875898603
2025-05-16,0.005589369479471969,0.005604901363342865,1.5531883870896223e-05,0.07765941935448112,1.985160311861446,3,1,0.00633404459345166,-0.006576873805121286,-0.007960761122296156,0.00138388731717487,-0.028082974920549453,-0.0276418544879401
2025-05-19,0.000509168524256562,0.0005174541741048415,8.285649848279529e-06,0.041428249241397645,1.9876262045397297,3,1,0.0010940280836999605,-0.006071054017994237,-0.006875442334831616,0.0008043883168373789,-0.027588105363189896,-0.026578067369335545
2025-05-20,-0.0038542820001692124,-0.0038472655419486777,7.016458220534763e-06,0.035082291102673815,1.9892179325113732,3,1,-0.0033622573759429786,-0.009901936463939887,-0.010214582704071384,0.0003126462401314978,-0.031336055025439014,-0.029850962442227624
2025-05-21,-0.01581824254448782,-0.01577575721362739,4.2485330860427974e-05,0.21242665430213986,1.980851326702209,3,1,-0.016850775346555102,-0.02556354777578096,-0.026893234412221356,0.001329686636440397,-0.04665861625114698,-0.046198725926790196
2025-05-22,-8.014403425106545e-05,-2.2636773234647377e-05,5.750726101641807e-05,0.2875363050820903,1.9999999999999998,3,1,0.00039470808698149895,-0.025641643044183482,-0.026509141302347494,0.0008674982581640123,-0.04673502087565906,-0.04582225285054031
2025-05-23,-0.006953544357977343,-0.006888137682888378,6.540667508896496e-05,0.32703337544482475,1.9999999999999998,3,1,-0.0068258512570531504,-0.032416887099841696,-0.03315404510391862,0.000737158004076921,-0.05336359119290657,-0.05233532822537257
2025-05-27,0.021217725664242005,0.02122380912623616,6.0834619941568996e-06,0.030417309970784498,1.9937962926247785,3,1,0.020790577842265234,-0.011886974052972787,-0.0130527590171724,0.001165784964199612,-0.0332781195670544,-0.03263283209847756
2025-05-28,-0.004863981098899913,-0.004842904460660392,2.1076638239521454e-05,0.10538319119760726,1.9911862583682962,3,1,-0.005785452346737663,-0.016693137134755953,-0.01876269524862273,0.0020695581138667762,-0.03798023652137328,-0.03822948875017029
2025-05-29,0.003991130086953069,0.004012175408367272,2.104532141420366e-05,0.10522660707101829,1.9941103979437707,3,1,0.003947548002436463,-0.012768631529667007,-0.01488921388633524,0.0021205823566682325,-0.03414069049911017,-0.034432853489683724
2025-05-30,-0.0029325568804176682,-0.0029290776172190857,3.4792631985825384e-06,0.017396315992912692,1.9951849780735835,3,1,-0.0011184010326800164,-0.01566374367183887,-0.01599096280682899,0.0003272191349901199,-0.03697312786270246,-0.03551274478346278
2025-06-02,0.005503110715446792,0.005504976426568646,1.8657111218530841e-06,0.00932855560926542,2.0,3,1,0.005632920704039535,-0.010246832272036488,-0.010448117928261613,0.0002012856562251253,-0.031673484363380466,-0.030079864554771296
2025-06-03,0.00580900584644302,0.005816614590398998,7.608743955978216e-06,0.03804371977989108,1.996751087249481,3,1,0.00570245224869792,-0.004497350334169203,-0.004805245573138328,0.00030789523896912474,-0.02604846997278143,-0.024548941297344196
2025-06-04,0.0012108219373550425,0.0012191640226686667,8.342085313624172e-06,0.04171042656812086,1.997531628951951,3,1,-0.0002684085986693896,-0.00329197388725877,-0.00507236440257719,0.0017803905153184196,-0.02486918809430405,-0.024810760749081173
2025-06-05,-0.0024675014992212615,-0.0024648735246932015,2.627974528059989e-06,0.013139872640299944,1.9976769586288359,3,1,-0.004832859623354335,-0.005751352435977797,-0.009880710000815363,0.004129357564837566,-0.027275324834618142,-0.02952371344858662
2025-06-06,0.010762256201275116,0.010770161041918608,7.904840643491105e-06,0.03952420321745552,1.998182171794476,3,1,0.010269030973764526,0.004949006236877329,0.00028685565590791384,0.004662150580969415,-0.016806612667186416,-0.0195578624026862
2025-06-09,0.000160352520836712,0.00017054124989927545,1.0188729062563455e-05,0.050943645312817275,1.9986958087973326,3,1,0.0009013320810069558,0.005110152343339669,0.0011884462891200709,0.003921706054219598,-0.01664895512905762,-0.0186741584504988
2025-06-10,0.00667982836107309,0.006682921425970337,3.093064897246169e-06,0.015465324486230845,1.9994045948319625,3,1,0.005669821016794474,0.011824115644965216,0.006865005583661876,0.00495911006130334,-0.010080338930637867,-0.013110216569757971
2025-06-11,-0.0063142537362026315,-0.005919825032907512,0.0003944287032951193,1.9721435164755965,2.0,3,1,-0.0028521796888598683,0.005435201442373971,0.00399324566531245,0.001441955777061521,-0.01633094284908565,-0.01592500356520099
2025-06-12,0.003963907681676014,0.004115193810942532,0.00015128612926651791,0.7564306463325895,1.9550749917350434,3,1,0.0039742753822695764,0.009420653760798814,0.007983391305524945,0.0014372624552738689,-0.012431769517218139,-0.012014018532563231
2025-06-13,-0.010719082827975705,-0.010567451228006978,0.00015163159996872615,0.7581579998436307,1.9789392202841651,3,1,-0.011180162300879815,-0.0013994098351326478,-0.00328602660586208,0.0018866167707294323,-0.023017595178040584,-0.02305986215636313
2025-06-16,0.010469404518681107,0.010528334713466722,5.8930194785614335e-05,0.29465097392807166,1.9981860188766907,3,1,0.009514344503849026,0.00905534369589689,0.0061970535088100576,0.0028582901870868316,-0.012789171174325764,-0.01376491712528094
2025-06-17,-0.00815605663517815,-0.008083026590523762,7.303004465438704e-05,0.3651502232719352,2.0,3,1,-0.0085450687006845,0.0008254311646840318,-0.002400969439849021,0.003226400604533053,-0.020840918605089076,-0.02219236366347066
2025-06-18,0.00013262472480000915,0.0002305751171003879,9.795039230037874e-05,0.4897519615018937,1.7565029271065282,3,1,-0.0001508166576998926,0.0009581653620649444,-0.0025514239913627668,0.003509589353427711,-0.020711057901383834,-0.022339833343056448
2025-06-20,-0.0014898590360196617,-0.001440121578481003,4.973745753865869e-05,0.24868728769329343,2.0,3,1,-0.0023485778516780798,-0.0005331212052773759,-0.004894009625164508,0.004360888419887132,-0.022170060380643508,-0.024635944356934836
2025-06-23,0.01042775234014497,0.01043789554191999,1.014320177502118e-05,0.0507160088751059,1.9966148931824947,3,1,0.00987759060766491,0.0098890718789717,0.004935239958993032,0.0049538319199786685,-0.011973491939514025,-0.01500169752186098
2025-06-24,0.010646277160502534,0.010658212811532066,1.1935651029531764e-05,0.059678255147658815,2.0,3,1,0.011047186039507384,0.020640630839557916,0.016036946512477,0.004603684327080915,-0.0014546878927785833,-0.004120238025785983
2025-06-25,0.0010730153889889206,0.001081914340212518,8.898951223597482e-06,0.04449475611798741,1.997341673370258,3,1,0.0005603844216792719,0.02173579394307601,0.016606317789153113,0.005129476153922896,-0.00038323340628487745,-0.0035621625213100305
2025-06-26,0.008116820533814883,0.008121343714812676,4.523180997793271e-06,0.022615904988966352,1.9968209597742548,3,1,0.007823809728070064,0.030029040015486785,0.02456005218788948,0.005468987827597305,0.0,0.0
2025-06-27,0.005562258495359453,0.005568126836252733,5.868340893280735e-06,0.029341704466403672,1.999274682408775,3,1,0.0049683222933454285,0.035758327793779854,0.029650396736045748,0.006107931057734106,0.0,0.0
2025-06-30,0.004291139763089341,0.004304680858477356,1.3541095388015157e-05,0.06770547694007578,2.0,3,1,0.004781179328798402,0.040202911539126696,0.03457333992880929,0.005629571610317408,0.0,0.0
2025-07-01,-0.0022099610466648385,-0.0022068156732929257,3.145373371912924e-06,0.01572686685956462,2.0,3,1,-0.00032361428413474336,0.03790410362399799,0.03423853721802339,0.0036655664059745963,-0.00220996104666471,-0.00032361428413474336
2025-07-02,0.00460329150324133,0.004613565361148692,1.0273857907361064e-05,0.051369289536805314,1.9911854602553765,3,1,0.00453326557880418,0.042681878765389536,0.038927015179066604,0.003754863586322932,0.0,0.0
2025-07-03,0.00833579277674782,0.00833982119488401,4.028418136191103e-06,0.020142090680955516,1.989741898823254,3,1,0.007881400243543668,0.05137345883884792,0.047115214809523076,0.0042582440293248425,0.0,0.0
2025-07-07,-0.005649629501584418,-0.005628618238615083,2.1011262969334784e-05,0.10505631484667391,1.992028860491196,3,1,-0.007451971921066947,0.045433588328609,0.03931214163064056,0.006121446697968436,-0.005649629501584541,-0.007451971921066947
2025-07-08,-0.002083848072594045,-0.0020377152240574612,4.613284853658396e-05,0.2306642426829198,1.9812900108465517,3,1,-0.0005477352950125081,0.043255063560545315,0.03874287368813434,0.004512189872410977,-0.007721704604630841,-0.007995625508040893
2025-07-09,0.006490692263808588,0.006545894029163192,5.520176535460395e-05,0.27600882677301974,1.9917833704106431,3,1,0.005996656078344209,0.05002651113077694,0.04497185745547294,0.0050546536753039994,-0.0012811315491628728,-0.002046916445999747
2025-07-10,0.0020073101113087096,0.0020342199956180688,2.6909884309359052e-05,0.13454942154679525,1.990158013500166,3,1,0.0028203571621754353,0.052134239963711915,0.04791905131791929,0.004215188645792622,0.0,0.0
2025-07-11,-0.001430770458992371,-0.0014149178350052886,1.5852623987082504e-05,0.07926311993541252,1.992863235814751,3,1,-0.0035155067463294998,0.05062887737427735,0.04423508482340388,0.006393792550873467,-0.0014307704589924253,-0.0035155067463294998
2025-07-14,0.002957416580945052,0.00299126819111752,3.385161017246789e-05,0.16925805086233944,1.997814836961007,3,1,0.0019080851570825175,0.05373602463664362,0.046227574289260165,0.007508450347383455,0.0,-0.0016141294754893343
2025-07-15,0.0012228023308840943,0.0015905672810738055,0.0003677649501897112,1.838824750948556,1.4287408043670904,3,1,-0.004273212611414445,0.055024535503705785,0.04175682142439774,0.013267714079308046,0.0,-0.005880444568472698
2025-07-16,0.0047585828438229194,0.005062622883048281,0.00030404003922536205,1.5202001961268101,1.9941387153178916,3,1,0.0033432737161649406,0.060044957158166046,0.04523969962410157,0.014805257534064475,0.0,-0.0025568307880727836
2025-07-17,0.006231579507882232,0.0062487405662860485,1.7161058403816784e-05,0.0858052920190839,2.0,3,1,0.006119637877514572,0.06665071159062674,0.05163618808100323,0.015014523509623512,0.0,0.0
2025-07-18,0.0007798964572239002,0.0007850192886962252,5.122831472324986e-06,0.02561415736162493,1.9940626331645435,3,1,-0.0007323346017438226,0.06748258870169166,0.050866038512025646,0.016616550189666013,0.0,-0.0007323346017437116
2025-07-21,0.0023282505864001737,0.002333549567480064,5.29898107989052e-06,0.026494905399452595,1.9878512706187839,3,1,0.001896143492131186,0.06996795566480829,0.05285863131205182,0.017109324352756472,0.0,0.0
2025-07-22,-0.0012280052582014861,-0.0012262087853892132,1.7964728122728688e-06,0.008982364061364344,1.9901556993798213,3,1,0.0001431954391026835,0.06865402938914489,0.05300939586607556,0.01564463352306933,-0.0012280052582014367,0.0
2025-07-23,0.005830203555992561,0.005832417519213354,2.2139632207926876e-06,0.011069816103963438,1.9916019427302076,3,1,0.008507476351847565,0.0748844999114151,0.061967848399679504,0.0129166515117356,0.0,0.0
2025-07-24,0.0010688845330979128,0.0010815047340560213,1.2620200958108625e-05,0.06310100479054312,1.9943342461542093,3,1,0.00033102965109055305,0.07603342732823704,0.06231939124600472,0.013714036082232317,0.0,0.0
2025-07-25,0.0034480410860756603,0.003453020425807374,4.97933973171377e-06,0.02489669865856885,1.9996273593187117,3,1,0.004224338152491125,0.07974363479565572,0.06680698758057635,0.012936647215079367,0.0,0.0
2025-07-28,6.360728644188519e-05,0.00011963947030614955,5.603218386426435e-05,0.28016091932132176,1.9852761589814276,3,1,-0.0002510690047468067,0.07981231435831804,0.0665391454119475,0.01327316894637054,0.0,-0.0002510690047468067
2025-07-29,-0.002938483046217381,-0.002898126357688811,4.035668852857027e-05,0.20178344264285134,1.9898402804382223,3,1,-0.0026376616892719307,0.07663930417947928,0.06372597596798557,0.012913328211493713,-0.002938483046217466,-0.0028880684589236427
2025-07-30,-0.0017581358731690673,-0.001715327259024564,4.2808614144503266e-05,0.21404307072251633,1.803142074730655,3,1,-0.0012593696215839056,0.07474642599633752,0.062386351788161765,0.012360074208175753,-0.004691452666930274,-0.004143800934825359
2025-07-31,-0.003725610088460261,-0.0036803697663094193,4.524032215084183e-05,0.22620161075420914,1.9919738027923553,3,1,-0.003751066887460741,0.07074233986910894,0.058401269522278865,0.012341070346830074,-0.008399584232005153,-0.00787932414781134
2025-08-01,-0.01391519333217176,-0.013911795016916972,3.398315254787904e-06,0.016991576273939518,1.993964045545963,3,1,-0.016390611285710288,0.05584275320088827,0.04105342572923698,0.014789327471651292,-0.022197895725678762,-0.024140788494220633
2025-08-04,0.016790002595925852,0.01683278651711092,4.278392118506847e-05,0.21391960592534234,1.991883574912474,3,1,0.015199864928028717,0.07357035576802051,0.05687729718318302,0.016693058584837495,-0.005780595856611281,-0.009307860290560188
2025-08-05,-0.006553815132315314,-0.006547236345156844,6.578787158470563e-06,0.032893935792352814,1.9920307925442775,3,1,-0.005070024116712868,0.0665343741247828,0.0515189037980579,0.0150154703267249,-0.012296526032327892,-0.01433069333112491
2025-08-06,0.00798056260840564,0.008017988887852342,3.74262794467025e-05,0.1871313972335125,1.9966771696871286,3,1,0.007659857740445197,0.07504591847150244,0.059573389012539835,0.015472529458962603,-0.004414096619788976,-0.006780606662918132
2025-08-07,0.0005604878410741399,0.0008839175823045238,0.00032342974123038384,1.6171487061519192,1.9878885854479864,3,1,-0.0008377338742812102,0.07564846863740216,0.058685748492277146,0.01696272014512501,-0.003856082826199536,-0.007612660193309639
2025-08-08,0.006647643869113025,0.006826314420295939,0.00017867055118291351,0.8933527559145675,1.998407161708689,3,1,0.007797554830949682,0.08279899658526024,0.06694090866489066,0.01585808792036958,0.0,0.0
2025-08-11,-0.0025308092521966323,-0.0021581680358721753,0.00037264121632445694,1.8632060816222846,1.9988810902919556,3,1,-0.0019774044951013092,0.08005863886643305,0.06483113491608927,0.01522750395034378,-0.0025308092521966197,-0.0019774044951013092
2025-08-12,0.00834054791779485,0.008695064954474684,0.00035451703667983337,1.7725851833991668,1.9999999999999998,3,1,0.010646077812391797,0.0890669196979268,0.07616741003546346,0.012899509662463338,0.0,0.0
2025-08-13,0.003127009846460156,0.003445472495682747,0.00031846264922259077,1.5923132461129539,1.9933207932250634,3,1,0.003423132057329248,0.09247244267927623,0.07985127319580876,0.012621169483467476,0.0,0.0
2025-08-14,-0.00041172326098092314,-0.0004095283208997744,2.1949400811487377e-06,0.010974700405743687,1.994563154738735,3,1,9.29178689290655e-05,0.09202264636264457,0.07995161067487455,0.012071035687770015,-0.00041172326098093404,0.0
2025-08-15,-0.0022525025043252534,-0.0022452954298392406,7.207074486012737e-06,0.03603537243006368,1.9964266817157514,3,1,-0.0023411979263346927,0.08956286261693269,0.07742323020342079,0.012139632413511903,-0.0026632983576297953,-0.0023411979263345817
2025-08-18,-0.0001762219026388029,-0.00016815140471593848,8.070497922864431e-06,0.040352489614322154,2.0,3,1,-0.00021771255650937515,0.08937085777623777,0.07718866163753058,0.012182196138707191,-0.002839050928764686,-0.002558400774658187
2025-08-19,-0.006232926450304156,-0.00623030363588735,2.6228144168059323e-06,0.013114072084029661,1.9978348043239653,3,1,-0.005425196957653422,0.08258088934261365,0.07134470098759582,0.011236188355017829,-0.009054281783441254,-0.007969717904212525
2025-08-20,-0.0029303704657324793,-0.002927804906219516,2.5655595129631685e-06,0.012827797564815842,1.9986668189488928,3,1,-0.0026569846084518733,0.07940852627771755,0.06849815460672537,0.01091037167099218,-0.011958119849247217,-0.01060552709485918
2025-08-21,-0.002886483595222944,-0.0028855368985421436,9.466966808000231e-07,0.004733483404000116,1.9994053941227141,3,1,-0.004011809805612443,0.07629283127407316,0.06421154323279521,0.012081288041277949,-0.014810086527695665,-0.01457478954287883
2025-08-22,0.01759156775555133,0.017594574354340205,3.0065987888748677e-06,0.015032993944374337,2.0,3,1,0.015356833041096918,0.09522650954024514,0.0805544622226293,0.014672047317615844,0.0,0.0
2025-08-25,-0.004768899846385662,-0.004766541578897391,2.358267488271311e-06,0.011791337441356554,1.999234070793596,3,1,-0.004401115665894628,0.09000348400714131,0.07579881705108904,0.01420466695605227,-0.00476889984638551,-0.004401115665894517
2025-08-26,0.005972879165054322,0.005974647994727476,1.768829673154043e-06,0.008844148365770214,1.9958220089625365,3,1,0.004187065214133812,0.09651394310660422,0.08030325685536988,0.01621068625123434,0.0,-0.00023247821006888714
2025-08-27,0.0037584323565685984,0.0037631871335301243,4.7547769615259214e-06,0.023773884807629604,1.9965535305481152,3,1,0.002278548405594716,0.10063511658980473,0.08276478011883648,0.01787033647096825,0.0,0.0
2025-08-28,0.0023464409935456745,0.00234828995450655,1.8489609608755363e-06,0.009244804804377681,1.9964165291463543,3,1,0.003541324132844581,0.10321769194630703,0.08659920116486552,0.01661849078144151,0.0,0.0
2025-08-29,-0.005511947395176586,-0.005507809066530871,4.138328645714395e-06,0.020691643228571973,1.9958948188669996,3,1,-0.005963639392962183,0.09713681406287078,0.08011911536443739,0.017017698698433392,-0.005511947395176686,-0.005963639392962294
2025-09-02,-0.006963028781786278,-0.00696065802247006,2.370759316217313e-06,0.011853796581086564,1.997821885146354,3,1,-0.007410347641911175,0.08949741884899387,0.0721150572249134,0.017382361624080467,-0.012436596328606497,-0.013329794393760586
2025-09-03,0.004827342319758934,0.004830392975383465,3.0506556245309336e-06,0.015253278122654668,1.9982478463984563,3,1,0.005419642546478309,0.09475679584627161,0.07792553760376952,0.01683125824250209,-0.00766928971661851,-0.00798239456811456
2025-09-04,0.007387346062730674,0.0073887115882137755,1.3655254831014416e-06,0.006827627415507208,1.9985266430371151,3,1,0.008357320883294106,0.1028441431517142,0.08693410720982153,0.015910035941892664,-0.00033859935107982686,0.0
2025-09-05,-0.0031188920492159038,-0.003112363325695453,6.528723520450426e-06,0.03264361760225213,1.993560520146556,4,1,-0.0028961941058495144,0.09940449132211393,0.08378613505507371,0.015618356267040223,-0.0034564353454719088,-0.0028961941058494034
2025-09-08,0.0006746527325773362,0.0006765937621536735,1.941029576337279e-06,0.009705147881686395,1.9990933500110735,3,1,0.0024565777359784047,0.10014620756639214,0.08644853994501212,0.013697667621380027,-0.0027841145064453343,-0.0004467310958304882
2025-09-09,0.002245585406414428,0.0022485659267651565,2.9805203507283387e-06,0.014902601753641692,1.9992414702150034,3,1,0.0023118846201510834,0.10261667983502543,0.08896028361509667,0.013656396219928757,-0.0005447810669363395,0.0
2025-09-10,0.0026688656699633074,0.002674356075748483,5.490405785175917e-06,0.027452028925879585,1.9995516145790406,3,1,0.002890900188266654,0.10555941563896609,0.09210835910401438,0.01345105653495171,0.0,0.0
2025-09-11,0.004568225407357128,0.004946540177657822,0.00037831477030069414,1.8915738515034706,2.0,3,1,0.008310195052279257,0.11060986025083097,0.10118399258639332,0.009425867664437648,0.0,0.0
2025-09-12,8.40903899701839e-05,0.0004181707031252253,0.0003340803131550414,1.670401565775207,1.9965651851489943,3,1,-0.000334630409346115,0.11070325186708407,0.1008155029361888,0.00988774893089528,0.0,-0.000334630409346115
2025-09-15,0.006146418344938873,0.006152978028500045,6.559683561171785e-06,0.032798417805858925,1.99852530148137,3,1,0.005323962798345239,0.1175300987101433,0.10667620372166287,0.01085389498848044,0.0,0.0
2025-09-16,-0.0023509232880655896,-0.002348777626342883,2.145661722706508e-06,0.01072830861353254,2.0,3,1,-0.0013768848246955567,0.11490287117597142,0.1051524380509068,0.009750433125064628,-0.0023509232880655206,-0.0013768848246955567
2025-09-17,-0.0014799083623439169,-0.0014600575764412344,1.9850785902682384e-05,0.09925392951341191,1.9143082746829654,3,1,-0.001242457061691904,0.11325291709371688,0.10377933360000435,0.009473583493712523,-0.0038273524993762686,-0.0026176311661140206
2025-09-18,0.005647845064316698,0.005666056657904339,1.821159358764098e-05,0.09105796793820489,1.9942582045749317,3,1,0.004672499536354291,0.1195403970868607,0.10893674202448778,0.01060365506237293,0.0,0.0
2025-09-19,0.005739999715316018,0.005746572926804067,6.573211488048858e-06,0.03286605744024429,1.9932791867127082,3,1,0.004952868450893266,0.12596655864742412,0.11442915982809732,0.011537398819326805,0.0,0.0
2025-09-22,0.004691893374582223,0.004693505025280943,1.611650698719645e-06,0.008058253493598224,1.9928850670304392,3,1,0.004730956629250382,0.13124947368394313,0.11970147584961599,0.01154799783432714,0.0,0.0
2025-09-23,-0.005752561903011453,-0.0057490044851143465,3.5574178971057805e-06,0.0177870894855289,1.9924440882334198,3,1,-0.005443378865093829,0.12474189105882716,0.11360651650076181,0.011135374558065347,-0.005752561903011433,-0.005443378865093829
2025-09-24,-0.0038168982017029495,-0.003814962773499301,1.9354282036486024e-06,0.009677141018243011,1.9927572649781722,3,1,-0.003181757023221321,0.12044886575746472,0.1100632911457804,0.010385574611684323,-0.009547503161531634,-0.008607816379381128
2025-09-25,-0.005729384721201783,-0.005728299436666397,1.0852845353863602e-06,0.005426422676931801,1.9922438656932606,3,1,-0.004613374905433676,0.11402938314510602,0.10494215301496523,0.009087230130140789,-0.0152221865639941,-0.013181480200739726
2025-09-26,0.005864306865935327,0.0058693897895137235,5.082923578396676e-06,0.02541461789198338,1.9958817690697137,3,1,0.0057290340826092745,0.12056239330553775,0.11127240426889973,0.009289989036638024,-0.009447147271240408,-0.007527963267459636
2025-09-29,0.0023284505803375082,0.002329619616837,1.1690364994917654e-06,0.005845182497458827,1.9964586718251975,3,1,0.0028104467833012237,0.12317156746053448,0.11439557622284857,0.00877599123768591,-0.007140693906449114,-0.004738673424308337
2025-09-30,0.004398326618693548,0.004399596724789313,1.2701060957651055e-06,0.006350530478825527,1.9969796536280555,3,1,0.003766834755358328,0.12811164286305599,0.11859332021058244,0.009518322652473543,-0.0027737743918401225,-0.000989688468698957
2025-10-01,0.004214437909268574,0.004220730066100119,6.292156831545197e-06,0.031460784157725984,1.996809272498209,3,1,0.0034075722246513784,0.13286599933662524,0.12240500773921248,0.010460991597412761,0.0,0.0
2025-10-02,0.0005903138859118275,0.0005946598610281328,4.3459751163053456e-06,0.02172987558152673,1.9930579470545895,3,1,0.0011517326256851312,0.13353474586691094,0.12369771820585806,0.009837027661052877,0.0,0.0
2025-10-03,-0.0005080841151553147,-0.0005064329406991052,1.6511744562093993e-06,0.008255872281046996,1.9930229761707479,3,1,-1.4805406382656372e-05,0.1329588148685592,0.12368108140448886,0.009277733464070348,-0.0005080841151554605,-1.480540638254535e-05
2025-10-06,0.004519096839359917,0.004523233636385274,4.1367970253571485e-06,0.020683985126785744,1.9940903002695487,3,1,0.003586271966467658,0.13807876546795672,0.1277109073659799,0.010367858101976823,0.0,0.0
2025-10-07,-0.003292311911513719,-0.0032882050207236726,4.106890790046713e-06,0.020534453950233567,1.9937208988391302,3,1,-0.0037075138893177817,0.13433185519216573,0.12352990351378534,0.010801951678380384,-0.00329231191151369,-0.0037075138893177817
2025-10-08,0.006755395054799119,0.006756832989353336,1.4379345542173184e-06,0.0071896727710865915,1.993723241390098,3,1,0.005963055269571305,0.14199471499723204,0.13022957442545424,0.011765140571777799,0.0,0.0
2025-10-09,-0.0033079778986018346,-0.003305811046147225,2.1668524546096927e-06,0.010834262273048463,1.9937348989205164,3,1,-0.002896974724933221,0.13821702171970118,0.12695532791497177,0.011261693804729411,-0.0033079778986017105,-0.00289697472493311
2025-10-10,-0.02769003083409926,-0.02768659132415877,3.4395099404915386e-06,0.017197549702457692,1.997118551526396,3,1,-0.027027862178845674,0.10669975729238601,0.0964961346303701,0.01020362266201591,-0.03090641072269018,-0.02984653787017766
2025-10-13,0.017134060969386678,0.017142804812494198,8.743843107519403e-06,0.043719215537597014,1.9950971099899604,3,1,0.015344118135168339,0.12566201840863922,0.11332090085489388,0.01234111755374534,-0.014301902078970974,-0.014960388538015179
2025-10-14,-0.0030235231232647723,-0.003017306243321739,6.216879943033085e-06,0.031084399715165422,1.9954693353966628,3,1,-0.0012216462876413203,0.12225855326699975,0.11196081650941103,0.010297736757588716,-0.01728218307059337,-0.016163758522537375
2025-10-15,0.004953216960056639,0.004955698447795881,2.4814877392413646e-06,0.012407438696206821,1.9968271727963565,3,1,0.004439529909605389,0.12781734336661033,0.11689739981261371,0.010919943553996614,-0.01241456851282896,-0.011795988102344501
2025-10-16,-0.0066402727797394345,-0.006634000367506846,6.272412232587885e-06,0.03136206116293942,1.9986582616909867,3,1,-0.006810134562330372,0.1203283285609349,0.10929117822757295,0.011037150333361945,-0.018972405171200468,-0.018525790398402187
2025-10-17,0.004285806406974395,0.004289223804335016,3.417397360621355e-06,0.017086986803106774,1.9971443476021837,3,1,0.005676205164253156,0.12512983888939622,0.11558774254208881,0.009542096347307405,-0.014767910819864616,-0.01295474142128028
2025-10-20,0.009879431913918423,0.00988357674324684,4.144829328417277e-06,0.020724146642086386,2.0,3,1,0.010400500262923273,0.13624548252702207,0.12719041315171187,0.009055069375310199,-0.005034377475401808,-0.0026889769499151006
2025-10-21,0.0002940895591896715,0.00029624670827948927,2.157149089817756e-06,0.010785745449088778,1.9989116280139494,3,1,-1.494287878323064e-05,0.13657964046010962,0.12717356968200244,0.009406070778107178,-0.0047417684740647115,-0.002703879647641738
2025-10-22,-0.004358011205324256,-0.004353791332644672,4.219872679583479e-06,0.021099363397917396,2.0,3,1,-0.005198916065879078,0.13162641365124106,0.12131348890154836,0.010312924749692698,-0.009079114999245963,-0.007888738470180567
2025-10-23,0.0061411791476236825,0.00614292379184627,1.7446442225874598e-06,0.008723221112937298,1.9992530380796194,3,1,0.005929962705964353,0.13857593418565606,0.12796283607242942,0.010613098113226638,-0.0029936923233346846,-0.002005555689141403
2025-10-24,0.01319768390374514,0.013581110246075351,0.00038342634233021113,1.9171317116510556,2.0,3,1,0.008172554694480416,0.15360249946544968,0.13718117404357266,0.01642132542187702,0.0,0.0
2025-10-27,0.012192472093214288,0.012289973389134711,9.7501295920423e-05,0.48750647960211496,1.9071337586788277,2,1,0.011797664492784632,0.1676677657468444,0.15059725600244955,0.017070509744394835,0.0,0.0
2025-10-28,0.00794949449521296,0.00796402822390148,1.45337286885205e-05,0.0726686434426025,1.8972845050473264,2,1,0.002656016019079832,0.17695013422288652,0.15365326074590135,0.02329687347698517,0.0,0.0
2025-10-29,0.009480814512175603,0.009723145977020018,0.00024233146484441563,1.211657324222078,1.3860225195942206,0,1,0.0004803706386860007,0.188108580135534,0.15420744189958802,0.03390113823594598,0.0,0.0
2025-10-30,-0.009908036292716721,-0.009510632778457337,0.00039740351425938497,1.9870175712969247,1.999999999999997,2,0,-0.010998187142508109,0.176336757203863,0.14151325245230084,0.03482350475156215,-0.009908036292716749,-0.010998187142508109
2025-10-31,0.004726178439246512,0.005001337097962061,0.0002751586587155492,1.375793293577746,1.552381927064306,1,1,0.0032802220875831622,0.1818963346230531,0.14525766943626373,0.036638665186789376,-0.0052286850009720665,-0.007754041551313207
2025-11-03,0.003031268667237594,0.003158544314396988,0.0001272756471593943,0.6363782357969714,1.675939192587317,2,1,0.0018767398754619968,0.18547897995011886,0.14740702017217333,0.03807195977794553,-0.0022132658827488383,-0.005891853994826612
2025-11-04,-0.015473376723425634,-0.015402085871807704,7.129085161793125e-05,0.35645425808965625,1.748017244464646,2,1,-0.01185354736001909,0.1671356170956484,0.13380617671734418,0.03332944037830421,-0.017652395909381502,-0.017675561984479615
2025-11-05,0.002492740704231493,0.0025069940566186466,1.4253352387153654e-05,0.07126676193576827,1.7826752284271616,2,1,0.003465476340313245,0.17004498355574094,0.1377353551972591,0.032309628358481834,-0.015203658050960689,-0.014271339886025358
2025-11-06,-0.0066160096548937945,-0.0064883879457888665,0.0001276217091049281,0.6381085455246405,2.0,2,1,-0.010729453719183435,0.16230395464787595,0.12552807635899144,0.03677587828888451,-0.02171908015739976,-0.024847669924390914
2025-11-07,0.008203845618107978,0.00824887563137611,4.503001326813324e-05,0.2251500663406662,2.0,2,1,0.000984565078659072,0.17183931685312337,0.12663623199802476,0.04520308485509861,-0.013693414519870495,-0.023887568993825492
2025-11-10,0.013195188455214796,0.013227715390630636,3.252693541583957e-05,0.16263467707919782,2.0,2,1,0.01560437034633999,0.18730195747823064,0.144216681007727,0.04308527647050364,-0.0006789132498405959,-0.00865594912073886
2025-11-11,0.00989043691864417,0.010072869226465837,0.00018243230782166654,0.9121615391083326,1.9701028858755698,2,1,0.002289177027853917,0.19904489259205183,0.14683599554877724,0.05220889704327458,0.0,-0.006386587092766294
2025-11-12,-0.0009215641385674835,-0.0008361336804513396,8.543045811614395e-05,0.42715229058071974,2.0000000000000004,2,1,0.0005563903663643455,0.19793989581850657,0.1474740840485005,0.050465811770006086,-0.0009215641385673656,-0.005833750161934326
2025-11-13,-0.019469205954485105,-0.019373847552360827,9.53584021242788e-05,0.476792010621394,1.9783513706890101,2,1,-0.016593996414786205,0.17461695726572168,0.1284329032117395,0.04618405405398218,-0.020372827971038454,-0.02233094134744873
2025-11-14,6.701649805292018e-05,0.0003984427881490582,0.00033142629009613804,1.6571314504806902,2.0,3,1,-0.0001635496688257021,0.1746956759807512,0.12824834838412724,0.046447327596623955,-0.020307176788571635,-0.022490838798212454
2025-11-17,-0.00978200988258463,-0.009777655634023698,4.354248560931637e-06,0.021771242804658184,2.0,3,1,-0.009316620573407763,0.163204791269278,0.11773688660965842,0.045467904659619585,-0.029890541667123016,-0.03159792076015955
2025-11-18,-0.007400070499764525,-0.007380835205978988,1.9235293785536793e-05,0.09617646892768396,2.0,3,1,-0.008397461670685558,0.15459699380822145,0.10835073394644246,0.04624625986177899,-0.03706942005127478,-0.03973004010238823
2025-11-19,0.002452828332630581,0.0024825748839501513,2.9746551319570637e-05,0.14873275659785318,2.0,3,1,0.0038631766432766224,0.15742902202740439,0.1126324886143828,0.04479653341302159,-0.03470751664242011,-0.036020347622071625
2025-11-20,-0.01556483208713148,-0.015526864763873865,3.796732325761525e-05,0.18983661628807627,1.9999999999999996,3,1,-0.015242227316648038,0.13941383364677518,0.0956734913030346,0.04374034234374058,-0.04973213206085081,-0.050713544612239314
2025-11-21,0.011114143086363866,0.01112354493626719,9.401849903324391e-06,0.047009249516621956,2.0000000000000004,3,1,0.009961138168965045,0.15207744202850781,0.10658764633797646,0.045489795690531354,-0.03917071900620128,-0.04125757106819483
2025-11-24,0.013590520661357972,0.013598169399573945,7.648738215973096e-06,0.03824369107986548,2.0,3,1,0.014718606876234608,0.16773477430788075,0.12287507487852278,0.04485969942935797,-0.02611254881081726,-0.027146218161181346
2025-11-25,0.010140046181371406,0.010151251988820283,1.1205807448877277e-05,0.05602903724438638,2.0,3,1,0.009405836039293458,0.17957565884695592,0.13343665372543945,0.046139005121516474,-0.016237285080300867,-0.01799571499899888
2025-11-26,0.007654859550027064,0.007660776988121714,5.917438094650527e-06,0.029587190473252634,1.9999999999999996,3,1,0.006903582418005261,0.18860514484406,0.1412614270800212,0.047343717764038784,-0.008706719667037288,-0.011216367482660083
2025-11-28,0.00511619670237376,0.0051192481178564,3.0514154826404333e-06,0.015257077413202166,2.0,3,1,0.0054584342293309,0.19468628256653586,0.1474909275182099,0.04719535504832595,-0.0036350682551123947,-0.005819157057525226
2025-12-01,-0.004896161101623545,-0.004888564970651698,7.596130971847766e-06,0.03798065485923883,2.0,3,1,-0.004565470301164498,0.1888369060611903,0.14225209176776987,0.04658481429342043,-0.0085134314769435,-0.010358060169965766
2025-12-02,0.001768149143667858,0.0017716196870118082,3.4705433439500447e-06,0.017352716719750222,1.9995794239552382,3,1,0.0018522768711999316,0.19093894701860314,0.14436785889843096,0.04657108812017219,-0.006760335349851321,-0.008524969294049223
2025-12-03,0.004432148666704722,0.00443582451897194,3.675852267217656e-06,0.01837926133608828,1.9978418002184326,3,1,0.003462749080359595,0.19621736548475832,0.1483305176494245,0.04788684783533381,-0.0023581494944538983,-0.00509174004327273
2025-12-04,0.0010906597249117904,0.0010946546494379151,3.994924526124635e-06,0.019974622630623173,1.9986446447625799,3,1,0.000731139787988333,0.1975220315875328,0.14917010778063933,0.04835192380689346,-0.0012700617082209709,-0.004364323029020012
2025-12-05,0.001791575632195083,0.0018007011512873926,9.125519092309554e-06,0.045627595461547765,2.0,3,1,0.001899394752821859,0.1996674828783418,0.15135283545345768,0.048314647424884116,0.0,-0.0024732178484591083
2025-12-08,-0.00358931333393428,-0.003579265708041736,1.0047625892544485e-05,0.05023812946272242,1.9984264757753802,3,1,-0.0030042091058060105,0.19536150038575917,0.14789393078119284,0.04746756960456633,-0.0035893133339343075,-0.005469996890684059
2025-12-09,-0.0020849069269251773,-0.00208151830032755,3.388626597627509e-06,0.016943132988137544,2.0,3,1,-0.0008631180942337835,0.1928692829134251,0.1469031627592745,0.04596612015415058,-0.005666736876626777,-0.006328393731626081
2025-12-10,0.006861502998483404,0.006941574479990709,8.007148150730583e-05,0.40035740753652915,1.6742108992947244,3,1,0.006632235252757246,0.20105415907493418,0.15450969434682538,0.0465444647281088,0.0,0.0
2025-12-11,0.002150450507397326,0.0022303908566709066,7.994034927358065e-05,0.39970174636790323,2.0,2,1,0.0023269460314641055,0.2036369666007285,0.15719617609837266,0.04644079050235583,0.0,0.0
2025-12-12,-0.009499158584627724,-0.009484092493041862,1.5066091585861322e-05,0.07533045792930661,1.9980087461887832,2,1,-0.010752075575282682,0.19220342817666802,0.1447539153575348,0.04744951281913323,-0.009499158584627687,-0.010752075575282682
2025-12-15,-0.0022289380513174977,-0.002226060424860362,2.8776264571360343e-06,0.01438813228568017,1.9996850367294174,2,1,-0.0015108085502177904,0.1895460805906939,0.14302441135431732,0.04652166923637657,-0.011706923599920316,-0.012246639797788839
2025-12-16,-0.004029360972101082,-0.0040264917272475375,2.8692448535447412e-06,0.014346224267723705,1.9914852142067416,3,1,-0.002732285145230273,0.184752970039046,0.13990134273453836,0.044851627304507646,-0.01568911315096444,-0.014945463631020561
2025-12-17,-0.009961540989472379,-0.009960464563666178,1.0764258062008218e-06,0.005382129031004108,1.9999999999999998,2,1,-0.011003593983400228,0.17295100476560288,0.1273583311779547,0.04559267358764818,-0.02549436639669511,-0.025784603800731443
2025-12-18,0.003714114763398477,0.004084345194722165,0.0003702304313236883,1.8511521566184412,0.8675675750793539,2,1,0.00755126270975226,0.17730747940914604,0.13587131010470732,0.04143616930443872,-0.021874940635913886,-0.01842804740814541
2025-12-19,0.008069340331907676,0.00843459308940348,0.0003652527574958046,1.826263787479023,2.0,2,1,0.009063506223587092,0.18680757413579885,0.14616628679303534,0.04064128734276351,-0.013982116644737697,-0.009531563906930551
2025-12-22,0.005684830469852463,0.005687556194110333,2.7257242578700903e-06,0.01362862128935045,2.0,2,1,0.006229803850433591,0.19355437399509778,0.15330667793973585,0.04024769605536194,-0.008376772137620225,-0.0033611398300249506
2025-12-23,0.0045363915885571985,0.004544939823077297,8.54823452009843e-06,0.04274117260049215,1.999887238169555,2,1,0.004570492347330646,0.19896880401777484,0.15857785728538465,0.04039094673239019,-0.0038783808677274045,0.0
2025-12-24,0.003382088802749211,0.0033933933557178057,1.1304552968594656e-05,0.05652276484297328,1.9999999999999998,2,1,0.003517674396244841,0.2030238229846888,0.1626533569500137,0.04037046603467509,-0.000509409093483848,0.0
2025-12-26,-0.0013046715330745037,-0.0009083832892421192,0.00039628824383238436,1.9814412191619217,1.9999999999999998,2,1,-0.00010140966545213459,0.20145427204923028,0.1625354526620486,0.03891881938718167,-0.001813416015015279,-0.00010140966545213459
2025-12-29,-0.0033094622131514166,-0.0032850999026570495,2.436231049436698e-05,0.12181155247183491,1.9995656236879558,2,1,-0.0035636535074947684,0.197478104535054,0.1583925791185825,0.03908552541647148,-0.005116876796388281,-0.0036647017840368834
2025-12-30,-0.0017018901404009519,-0.0017004652533058268,1.4248870951250316e-06,0.0071244354756251575,1.9997089022333439,2,1,-0.0012212136133650242,0.19544012835559976,0.15697793433134177,0.03846219402425799,-0.006810058574619915,-0.004881440013694394
2025-12-31,-0.007958363872569943,-0.00795672121848845,1.6426540814930218e-06,0.008213270407465108,1.9999999999999998,2,1,-0.0074088529688375315,0.1859263808262741,0.14840605492769154,0.03752032589858256,-0.014714225523059565,-0.012254127111194224
2026-01-02,0.00176733312411488,0.001769045389013813,1.7122648989329952e-06,0.008561324494664976,2.0,2,1,0.0018329931020035772,0.1880223078018699,0.15051107530467323,0.03751123249719668,-0.01297289733710738,-0.010443595739656475
2026-01-05,0.005910869593399991,0.005924219421017465,1.3349827617474871e-05,0.06674913808737436,2.0,2,1,0.0066602071082446646,0.195044552737337,0.15817371734653163,0.03687083539080538,-0.007138708848115516,-0.0038529451419927474
2026-01-06,0.005684803869475346,0.0057143114369732064,2.9507567497859995e-05,0.14753783748929997,2.0,2,1,0.005947158299371091,0.2018381466349337,0.16506155978176262,0.03677658685317109,-0.0014944871383228975,0.0
2026-01-07,-0.003962685896769211,-0.0035735711577726203,0.0003891147389965903,1.9455736949829514,2.0,2,1,-0.003223412281198157,0.19707563956106422,0.16130608604161023,0.03576955351945399,-0.005451250851986167,-0.003223412281198157
2026-01-08,-0.0001599942480886987,-0.00015785729644863437,2.136951640064328e-06,0.010684758200321639,1.9999999999999998,2,1,-0.00010152731427326422,0.1968841143442075,0.16118818175364513,0.03569593259056236,-0.005610372931293517,-0.0033246123310798348
2026-01-09,0.005788151988907647,0.005791606805180659,3.454816273011979e-06,0.017274081365059896,1.99819912205319,3,1,0.006613382996888628,0.20381186151114083,0.16886756393104263,0.034944297580098205,0.0,0.0
2026-01-12,0.0023599198071785035,0.002363459227120848,3.5394199423446976e-06,0.017697099711723487,1.9999999999999998,2,1,0.00157043300066384,0.20665276096723728,0.1707031921268456,0.03594956884039169,0.0,0.0
2026-01-13,-0.0008527409648227285,-0.0004946326483591985,0.00035810831646352996,1.7905415823176496,2.0,2,1,-0.0019995067653818532,0.20562379872764414,0.16836236317393394,0.0372614355537102,-0.0008527409648226847,-0.001999506765381742
2026-01-14,-9.637077105825503e-05,-6.105693444828265e-05,3.531383660997238e-05,0.17656918304986188,2.0,1,1,-0.004915252903138989,0.2055076118325545,0.16261956667642496,0.04288804515612954,-0.0009490295565767193,-0.006904931587087382
2026-01-15,0.0018267510359735793,0.0018440481949541826,1.7297158980603256e-05,0.08648579490301628,2.0,1,1,0.0027232975079871657,0.20770977411134361,0.16578572564509209,0.04192404846625153,0.0,-0.00420043826208405
2026-01-16,0.0010194029618099505,0.0013518198076271633,0.00033241684581721275,1.6620842290860638,1.6143912626039638,1,1,-0.000837905189162047,0.20894091703207973,0.164808907736123,0.04413200929595673,0.0,-0.005034823882229533
2026-01-20,-0.023818915938665478,-0.02379759377909133,2.1322159574150118e-05,0.10661079787075059,1.644449322092334,1,1,-0.02035680001149731,0.18014525495447953,0.1410971257497282,0.039048129204751314,-0.023818915938665475,-0.025289130990863162
2026-01-21,0.012649568362298275,0.012894677587433689,0.00024510922513541457,1.2255461256770728,1.217761022940829,1,0,0.0115411092816613,0.1950735830344681,0.1542666523789955,0.040806930655472584,-0.011470646581849153,-0.014039886333605534
2026-01-22,0.00716581344277783,0.007388006862809093,0.00022219342003126284,1.1109671001563142,1.496063820575969,1,1,0.005223257672714476,0.20363725738088512,0.16029568452739262,0.043341572853492494,-0.004387029652544894,-0.008889962604907042
2026-01-23,-0.0012082299687810449,-0.0011442852357159184,6.394473306512647e-05,0.31972366532563234,1.575464683943229,1,1,0.00036273518897367296,0.20218298677497626,0.16071656460178496,0.0414664221731913,-0.0055899590806257615,-0.008530452118198917
2026-01-26,0.004747863366740979,0.004954313952771798,0.00020645058603081887,1.0322529301540944,1.0393416063917897,1,0,0.00507823176187272,0.20789078733800448,0.16661095232667744,0.04127983501132704,-0.0008686360758252132,-0.0034955399692160327
2026-01-27,0.0038196767774826175,0.003835725762858312,1.6048985375694512e-05,0.08024492687847255,1.119428942735925,1,0,0.003984165378470905,0.21250453972813443,0.17125892329308234,0.04124561643505209,0.0,0.0
2026-01-28,0.006158850699355189,0.006377077024792413,0.0002182263254372243,1.0911316271861216,1.4518966307036032,0,1,-0.0001006645803248718,0.21997217416061043,0.17114101900511725,0.04883115515549319,0.0,-0.0001006645803248718
2026-01-29,0.0016833362764907011,0.002083381100411109,0.0004000448239204079,2.0002241196020396,1.9999999999999998,1,1,-0.001984377154833794,0.22202579757768426,0.1688170335219148,0.053208764055769464,0.0,-0.0020848419786650974
2026-01-30,-0.0012663541429336685,-0.0010349160352610641,0.0002314381076726043,1.1571905383630214,2.0,1,0,-0.0029824841055743345,0.22047828014615,0.16533105529711123,0.05514722484903878,-0.0012663541429336345,-0.005061108076175436
2026-02-02,-0.0019400577631715507,-0.0019306132914723019,9.444471699248766e-06,0.04722235849624383,1.9555352678106812,1,0,0.00497122273706152,0.2181104817839703,0.17112417553540804,0.04698630624856226,-0.0032039551059191984,-0.00011504523465699634
2026-02-03,0.0023025689792913044,0.0025079735159446114,0.00020540453665330688,1.0270226832665343,2.0,1,1,-0.008455385901172563,0.22091526519267557,0.16122186869306354,0.05969339649961203,-0.0009087634542658263,-0.008569458383974493
2026-02-04,0.00572385343777955,0.0057446877230738,2.0834285294249868e-05,0.10417142647124933,2.0,1,1,-0.004843853725993386,0.22790360523058606,0.15559707981768955,0.0723065254128965,0.0,-0.013371802907044983
2026-02-05,-0.009421135742284236,-0.009415709697668697,5.426044615539405e-06,0.027130223077697024,2.0,1,1,-0.012489284060324235,0.2163353586872685,0.14116449962856525,0.07517085905870324,-0.009421135742284203,-0.02569408272246443
2026-02-06,0.016691394572992766,0.016722705126749986,3.131055375721942e-05,0.15655276878609709,1.9999999999999996,1,1,0.01918478647681998,0.23663769209220042,0.1630574968888665,0.07358019520333392,0.0,-0.0070022317363925834
2026-02-09,0.0013203780284441842,0.0013497819385861244,2.940391014194027e-05,0.14701955070970135,2.0000000000000004,1,1,0.004821726716577324,0.23827052132998472,0.16866544229453106,0.06960507903545365,0.0,-0.0022142678676543293
2026-02-10,0.0015829233017542444,0.0016062241382215387,2.330083646729437e-05,0.11650418233647183,2.0,1,1,-0.002637057770699447,0.24023060859207312,0.1655836040085803,0.07464700458349283,0.0,-0.004845486486066974
2026-02-11,0.00497852650949926,0.005011124631500724,3.25981220014635e-05,0.1629906100073175,2.0,2,1,-0.00023112214366449724,0.24640512955484106,0.16531421182740158,0.08109091772743948,0.0,-0.005075488730507782
2026-02-12,-0.006577583224370308,-0.0065086869009398154,6.889632343049175e-05,0.34448161715245873,2.0000000000000004,1,1,-0.01544885969788623,0.23820679608391204,0.14731143606492725,0.0908953600189848,-0.006577583224370298,-0.02044593791509819
2026-02-13,0.005971534337889422,0.00597707461924452,5.540281355098207e-06,0.027701406775491034,1.9999999999999998,1,1,0.0007044991031190939,0.2456007904841353,0.1481197159426333,0.09748107454150201,-0.0006453271505654223,-0.01975584295690269
2026-02-17,-0.002653201136635227,-0.002621559740380117,3.1641396255110034e-05,0.15820698127555016,2.0,1,1,0.0016134830190519533,0.24229596105102913,0.14997218760814546,0.09232377344288367,-0.0032968161044711897,-0.01817423565498877
2026-02-18,0.0015374026917633946,0.0015709110954188219,3.35084036554273e-05,0.1675420182771365,2.0,1,1,0.005037707550576753,0.24420587020551587,0.15576541118061238,0.0884404590249035,-0.0017644819466610118,-0.013228084588597033
2026-02-19,-0.0006781713729792631,-0.0006750546645722339,3.116708407029287e-06,0.015583542035146433,2.0000000000000004,1,1,-0.002637344323549562,0.2433620854022498,0.15271725983408024,0.09064482556816955,-0.0024414566984958253,-0.01583054189834543
2026-02-20,0.0074697065094124744,0.007475781158498336,6.074649085861243e-06,0.030373245429306216,1.9999999999999998,1,1,0.00723184928909637,0.25264963526513573,0.1610535373301405,0.09159609793499524,0.0,-0.008713176702422554
2026-02-23,-0.0029202521123677053,-0.002861849271018866,5.840284134883958e-05,0.29201420674419787,2.0,1,1,-0.010211366038766267,0.24899158252169618,0.14919759466985805,0.09979398785183813,-0.002920252112367683,-0.018835569304520017
2026-02-24,0.0074355426424040005,0.0074489691116790355,1.3426469275035472e-05,0.06713234637517736,1.9999999999999998,1,1,0.00726847527019836,0.25827851269353985,0.15755050896728728,0.10072800372625257,0.0,-0.01170399990401172
2026-02-25,0.001925974530714288,0.0019317693431270394,5.794812412751443e-06,0.028974062063757217,1.9999999999999998,1,1,0.008438306300538434,0.2607019250615328,0.16731827472029748,0.0933836503412353,0.0,-0.003364455539604738
2026-02-26,-0.002416014635854432,-0.002410874409194279,5.14022666015292e-06,0.025701133300764598,2.0,1,1,-0.005554445579207146,0.25765605075913434,0.16083446888974962,0.09682158186938472,-0.002416014635854391,-0.008900213433613469
2026-02-27,0.004690727724591933,0.004697281881258989,6.554156667055941e-06,0.032770783335279705,2.0,1,1,-0.004801940858611298,0.2635553728644311,0.1552602104235037,0.1082951624409274,0.0,-0.013659415993687474
2026-03-02,-0.005932029834798391,-0.0058793652660312805,5.266456876711039e-05,0.26332284383555193,2.0000000000000004,1,1,0.0005685229860479257,0.25605992469467953,0.1559170024079961,0.10014292228668342,-0.005932029834798347,-0.013098658699607801
2026-03-03,-0.010130854502686465,-0.01004387728103113,8.69772216553341e-05,0.4348861082766705,2.0,1,1,-0.008814250912485666,0.24333496435094237,0.14572845991476369,0.09760650443617869,-0.016002787806322916,-0.02179745474769823
2026-03-04,0.0011042302971642172,0.0011556907351387327,5.146043797451547e-05,0.25730218987257736,2.0,1,1,0.007055355958297538,0.24470789248810232,0.15381198203101443,0.09089591045708789,-0.014916228272293441,-0.014895887591630519
2026-03-05,-0.013394938044509301,-0.013386308557101923,8.629487407377511e-06,0.04314743703688755,2.0,1,1,-0.005575670491907769,0.22803510738471244,0.1473787066095944,0.08065640077511804,-0.02811136436323769,-0.020388503522642876
2026-03-06,-0.005730792878453115,-0.005664168908197152,6.66239702559635e-05,0.3331198512798175,2.0000000000000004,2,1,-0.013107129910862048,0.22099749253682166,0.13233986484510551,0.08865762769171615,-0.03368105683499434,-0.03322839866914562
2026-03-09,0.004644731184131069,0.004726298319316468,8.156713518539836e-05,0.40783567592699177,1.9999999999999998,1,1,0.00875996152231262,0.22666869766615338,0.14225911849132933,0.08440957917482406,-0.02919276510585922,-0.024759516640622814
2026-03-10,-0.005012365446183432,-0.004887399824933303,0.00012496562125012854,0.6248281062506427,2.0,1,1,-0.0016070155764896787,0.22052018587205668,0.14042349029552637,0.08009669557653032,-0.03405880574494757,-0.026326743288204613
2026-03-11,-0.006897185025816309,-0.006843980027255206,5.320499856110275e-05,0.2660249928055137,2.0000000000000004,1,1,-0.0012551345486657706,0.21210203232235347,0.13899210537274653,0.07310992694960694,-0.040721080885782523,-0.027548834231815533
2026-03-12,-0.015979628906009805,-0.015594066052664515,0.00038556285334529004,1.9278142667264502,2.0,2,1,-0.015184966271003186,0.19273309164962193,0.12169654866972257,0.07103654297989936,-0.056050002030585966,-0.04231547238420297
2026-03-13,-0.005833022848007414,-0.005830072206282068,2.9506417253454283e-06,0.014753208626727141,2.0,2,1,-0.00566013575260893,0.18577585227445503,0.11534759393101912,0.07042825834343591,-0.06155608393611822,-0.04773609681868152
2026-03-16,0.010515373164057248,0.010516029643774984,6.56479717736499e-07,0.0032823985886824944,1.9999999999999998,2,1,0.01017686501045656,0.19824472785004899,0.12669833583419265,0.07154639201585633,-0.051687995965167266,-0.038045035621674717
2026-03-17,0.00450679592258661,0.004508253626796,1.457704209390162e-06,0.00728852104695081,2.0,2,1,0.002630544991105488,0.20364497230378453,0.1296621664980082,0.07398280580577632,-0.047414147292043074,-0.03551456980846024
2026-03-18,-0.013906576263101924,-0.01390531348181561,1.2627812863140827e-06,0.006313906431570413,2.0000000000000004,1,1,-0.013953644515257158,0.1869063917027427,0.11389926220435975,0.07300712949838295,-0.060661355099878356,-0.04897265664149786
2026-03-19,-0.004909407484808189,-0.004906893344078431,2.514140729757391e-06,0.012570703648786954,1.9999999999999998,2,0,-0.002464381043311259,0.18107938457955064,0.11115418997842497,0.06992519460112567,-0.06527295127392052,-0.0513163503981412
2026-03-20,-0.015362255107298429,-0.015360261417650662,1.99368964776613e-06,0.009968448238830651,2.0,2,1,-0.014335696266852715,0.16293534177166857,0.09522502100525343,0.06771032076641514,-0.07963246665214263,-0.06491639105216285
2026-03-23,0.008608378185907383,0.008610005158968223,1.626973060839521e-06,0.008134865304197604,2.0,2,1,0.010499991225476402,0.17294632899939666,0.10672487411573073,0.06622145488366593,-0.07170959485505346,-0.055098021363123806
2026-03-24,-0.004632957212998221,-0.0046306444573907465,2.3127556074741806e-06,0.011563778037370903,2.0,2,0,-0.0033568144771775055,0.1675121188439992,0.10300980403604654,0.06450231480795265,-0.0760103245833268,-0.058269882004525764
2026-03-25,0.005296675242153981,0.005297186261547135,5.110193931549058e-07,0.002555096965774529,1.9999999999999998,2,0,0.0055726882440485515,0.17369605137879485,0.10915653380406853,0.06453951757472631,-0.07111625134554145,-0.053021913646905894
2026-03-26,-0.01837090194715332,-0.018370156061258764,7.458858945550608e-07,0.0037294294727753035,1.999330957986912,2,1,-0.017858729983344035,0.15213419630315395,0.08934840675759981,0.06278578954555414,-0.08818068361237674,-0.06993373959122973
2026-03-27,-0.016242889782756214,-0.01624013684433562,2.7529384205934274e-06,0.013764692102967137,2.0,2,0,-0.01705189415742525,0.13342020753765738,0.07077295302500941,0.06264725451264797,-0.10299126427024907,-0.08579313102311237
2026-03-30,-0.002213462193090134,-0.002210218343382414,3.2438497077201696e-06,0.016219248538600847,1.999532928737597,2,1,-0.0033433906874337227,0.13091142475938833,0.06719294070550963,0.0637184840538787,-0.10497675919365845,-0.08884968175523766
2026-03-31,0.02939535603725759,0.029397877961428086,2.5219241704971776e-06,0.012609620852485888,1.9999999999999998,2,1,0.029067865784757174,0.1641549687367927,0.09821396187237763,0.06594100686441506,-0.07866723236853601,-0.06236448659476024
2026-04-01,0.007783340407210553,0.007789358358264097,6.017951053544008e-06,0.030089755267720036,2.0,2,0,0.00753449141030349,0.1732159831452167,0.10648844553478032,0.06672753761043637,-0.07149618580974293,-0.05529987987301299
2026-04-02,0.002322569649953852,0.002324245214690629,1.675564736777036e-06,0.008377823683885179,2.0,2,0,0.0009004595313388819,0.17594085898051048,0.10748479360187835,0.06845606537863214,-0.06933967103103833,-0.0544492156455878
2026-04-06,0.004811220912919705,0.004812084988552272,8.640756325667649e-07,0.004320378162833824,1.9999999999999998,2,1,0.004726845083763864,0.18159857023359427,0.11271970265385867,0.0688788675797356,-0.06486205859347816,-0.049979743569113055
2026-04-07,0.0013358782438049291,0.0013370466332636877,1.1683894587585015e-06,0.005841947293792507,2.0,2,1,0.0004400005646272298,0.18317704205648022,0.11320929995129814,0.06996774210518208,-0.06361282816259672,-0.04956173411987619
2026-04-08,0.02476448482631478,0.02476482847291062,3.436465958385579e-07,0.0017182329791927894,1.9999999999999998,2,0,0.02546963651219092,0.21247781196133197,0.14156233618304825,0.07091547577828372,-0.040423682254073445,-0.025354416960632342
2026-04-09,0.006755116225429949,0.0067599012533123195,4.785027882369902e-06,0.023925139411849507,2.0,2,1,0.005769017699185586,0.22066824050188583,0.148148029505212,0.07252021099667383,-0.033941632700529634,-0.019731669341645053
2026-04-10,-0.004917230539135549,-0.004602767214271143,0.00031446332486440503,1.572316624322025,1.936905062375602,1,0,-0.0006617754265585418,0.21466593335153705,0.14738821335323382,0.06727771999830323,-0.038691964406802004,-0.020380386834308317
2026-04-13,0.009584129270556553,0.009772447246481741,0.00018831797592518772,0.9415898796259385,1.0000000000000002,0,0,0.009772447246481741,0.22630744867731933,0.1586010041394632,0.06770644453785613,-0.0294786639248521,-0.010807105843027798
2026-04-14,0.012184877209840739,0.012184877209840739,1.9251943866553379e-19,9.62597193327669e-16,1.0000000000000002,0,0,0.012184877209840739,0.24124985436096558,0.17271841511010066,0.06853143925086491,-0.017652980615245784,0.0
2026-04-15,0.001880670270822836,0.002080670270822836,0.00019999999999999998,0.9999999999999999,1.9999999999999971,1,0,0.007890969227043909,0.2435842360607252,0.18197230003572207,0.061611936025003144,-0.01580550978025763,0.0
2026-04-16,0.003806212009385782,0.0038089032816860315,2.691272300249781e-06,0.013456361501248904,2.0,1,0,0.002457347646937613,0.2483175813147025,0.18487681688596025,0.06344076442874225,-0.012059456892011822,0.0
2026-04-17,0.01009352308368222,0.010095239239316713,1.716155634493706e-06,0.00858077817246853,2.0,1,0,0.012085686101644066,0.2609175036374689,0.19919686616395915,0.061720637473509754,-0.0020876562148457456,0.0
2026-04-20,-0.002733948817494129,-0.0024121493763306296,0.00032179944116349945,1.6089972058174973,2.0,2,0,-0.0019997351150194964,0.2574702197194416,0.19679879008086965,0.06067142963857197,-0.004815897487099985,-0.0019997351150196074
2026-04-21,-0.0063951597602605265,-0.006394532687595144,6.270726653826127e-07,0.003135363326913063,1.9999999999999998,2,0,-0.006546892848539487,0.249428496770566,0.18896347664094848,0.06046502012961752,-0.011180258813541344,-0.00853353591203554
2026-04-22,0.01074871927242146,0.010749718042595816,9.987701743555417e-07,0.004993850871777708,2.0,2,0,0.01012671209511895,0.2628582529333163,0.20100376746050297,0.06185448547281336,-0.0005517130044997431,0.0
2026-04-23,-0.00208907889096835,-0.00208712045935964,1.958431608709852e-06,0.00979215804354926,2.0,2,1,-0.0038807408683984024,0.2602200424148282,0.19634298305701847,0.06387705935780974,-0.0026396393234764393,-0.0038807408683985134
2026-04-24,0.00879488903001831,0.008795858208573974,9.691785556657243e-07,0.004845892778328621,2.0,2,0,0.007749309237231605,0.2713035378412716,0.2056138147865194,0.06568972305475218,0.0,0.0
2026-04-27,0.0028095711619922047,0.002811150801088523,1.579639096318002e-06,0.00789819548159001,1.9999999999999998,2,0,0.001722787837563633,0.2748753555993291,0.20769083160343227,0.0671845239958968,0.0,0.0
2026-04-28,-0.00538559584743051,-0.005384511292622634,1.0845548078764343e-06,0.005422774039382171,2.0,2,1,-0.004865992267119479,0.26800939217822184,0.20181421735577887,0.06619517482244297,-0.00538559584743048,-0.004865992267119479
2026-04-29,-0.0003956654816165252,-0.0003944794580782111,1.1860235383141188e-06,0.005930117691570594,1.9999999999999996,1,0,-0.00015450932498595193,0.2675076846313713,0.20162852585229674,0.06587915877907458,-0.005779130434672264,-0.005019749750924785
2026-04-30,0.011300459797594836,0.011301282520661506,8.227230666695647e-07,0.0041136153333478235,1.9999999999999998,2,0,0.009949633527564838,0.2818311042646906,0.2135842893207951,0.0682468149438955,0.0,0.0
2026-05-01,0.004195133317327908,0.0041973012350655994,2.1679177376916197e-06,0.010839588688458097,1.9992232476023613,2,1,0.0027690952923506984,0.28720855663737876,0.216944819863224,0.07026373677415476,0.0,0.0
2026-05-04,-0.0030145644301152637,-0.003014070008273323,4.944218419405915e-07,0.0024721092097029574,1.999169055961646,2,1,-0.0036633921467564834,0.2833281835083996,0.21248667376710118,0.07084150974129844,-0.003014564430115385,-0.0036633921467563724
2026-05-05,0.006062415818214622,0.006062965608234381,5.497900197592344e-07,0.0027489500987961718,1.999295370276348,2,1,0.008022228723942426,0.2911082525880615,0.22221351918879306,0.06889473339926844,0.0,0.0
2026-05-06,0.012472901796454498,0.012474766648270174,1.8648518156762687e-06,0.009324259078381343,2.0000000000000004,2,0,0.013899399692774095,0.3072121190311843,0.23920155340191007,0.06801056562927421,0.0,0.0
2026-05-07,-0.002551513530670785,-0.002549260482283517,2.2530483872678777e-06,0.011265241936339388,1.999527375362801,2,1,-0.0030660824190705815,0.3038767496220194,0.23540205930533942,0.06847469031667996,-0.002551513530670735,-0.0030660824190706926
2026-05-08,0.009376291595330908,0.009378064967234555,1.7733719036468035e-06,0.008866859518234018,1.9905802145602598,3,0,0.00825609701116825,0.3161022782308476,0.24560165855476135,0.07050061967608623,0.0,0.0
2026-05-11,0.0032315660868067393,0.0032347775302827707,3.2114434760312306e-06,0.01605721738015615,1.9999999999999993,2,0,0.002277563042387465,0.3203553497199474,0.24843859485782227,0.07191675486212512,0.0,0.0
2026-05-12,0.00031915132614827516,0.0006553154391838509,0.00033616411303557576,1.6808205651778787,1.6547718354533867,2,0,-0.0015149526145865622,0.3207767428807975,0.24654726954439155,0.07422947333640595,0.0,-0.0015149526145866732
2026-05-13,0.005824110237889006,0.006161172067490535,0.00033706182960152977,1.6853091480076487,1.9999999999999996,2,0,0.00559483781461112,0.3284690922309754,0.25352149934573864,0.07494759288523678,0.0,0.0
2026-05-14,0.0068025400061276445,0.006804055380171677,1.5153740440328325e-06,0.007576870220164162,2.0,2,0,0.0078943149045545,0.33750605637778053,0.26341719280120324,0.07408886357657729,0.0,0.0
2026-05-15,-0.010857203518014315,-0.010855000600735479,2.2029172788353603e-06,0.0110145863941768,1.9999999999999998,2,0,-0.012029343756796207,0.3229844809171103,0.24821911308075117,0.07476536783635912,-0.010857203518014225,-0.012029343756796096
2026-05-18,-0.0012633324695555635,-0.0012617060718600867,1.626397695476883e-06,0.008131988477384415,2.0,2,0,-0.0007035093177317764,0.3213131116656496,0.2473409793041279,0.07397213236152167,-0.01210681972983696,-0.01272439031910888
2026-05-19,-0.007466074819220796,-0.007464180272533657,1.8945466871385802e-06,0.0094727334356929,1.9972732157138782,2,1,-0.0066607880874933745,0.3114480891143363,0.2390327053681367,0.0724153837461996,-0.01948250412713204,-0.019300423939144107
2026-05-20,0.009214852470767192,0.009215842807840163,9.903370729715272e-07,0.004951685364857635,2.0,2,0,0.010248994582563453,0.3235328897785943,0.2517315448530737,0.0718013449255206,-0.010447180057657657,-0.009249239296974077
2026-05-21,0.001042133972770959,0.0010437364573762263,1.6024846052671274e-06,0.008012423026335636,1.9978791009208605,2,1,0.0019830877010671433,0.3249121883671122,0.25421383828470967,0.07069835008240255,-0.009415933446144442,-0.007284493648600954
2026-05-22,0.0025923324244824333,0.002593474602249826,1.1421777673929822e-06,0.0057108888369649105,1.997987201321275,2,1,0.003931549076803931,0.3283468011926085,0.25914484154273265,0.06920195964987585,-0.0068480102512410435,-0.003381583916076125
2026-05-26,0.008339165960268603,0.008340099527552769,9.335672841652217e-07,0.004667836420826108,1.9977260527005114,2,1,0.006638641352187502,0.33942410562054537,0.2675038525561919,0.07192025306435346,0.0,0.0
2026-05-27,-0.0004038656942399095,-0.0004027424741253046,1.1232201146048836e-06,0.005616100573024418,1.9976063694099486,2,1,-0.0001732421647460125,0.3388831581742473,0.26728426744495115,0.07159889072929615,-0.00040386569423989105,-0.0001732421647460125
2026-05-28,0.0061960351142874735,0.006196622876525287,5.877622378132532e-07,0.002938811189066266,1.997172497550698,2,1,0.005516578600909927,0.3471789252362232,0.2742753407160077,0.0729035845202155,0.0,0.0
2026-05-29,0.015310481638102195,0.015708054531067914,0.0003975728929657199,1.9878644648285992,1.3535994621479166,0,1,0.0024914048034492264,0.36780488343429063,0.27745007642078434,0.09035480701350629,0.0,0.0
2026-06-01,0.0024931546992052783,0.002893804743905684,0.00040065004470040555,2.0032502235020275,2.0,2,0,0.0027231134609038143,0.3712150326070207,0.28092871791951834,0.09028631468750237,0.0,0.0
2026-06-02,0.000786366611864661,0.000787334873181709,9.68261317047992e-07,0.004841306585239959,1.998103030133396,2,1,0.0013579397972762752,0.3722933103263497,0.28266814200305523,0.08962516832329448,0.0,0.0
2026-06-03,-0.00733772211929782,-0.007337320117711789,4.020015860319732e-07,0.002010007930159866,1.9982741617296536,2,1,-0.00701718232049986,0.3622238033490035,0.2736674257939229,0.08855637755508061,-0.007337722119297951,-0.007017182320499971
2026-06-04,0.0032625158177587987,0.0032635378145837966,1.0219968249981127e-06,0.005109984124990564,1.9984865703406063,2,1,0.0037786857621391334,0.36666808005475726,0.2784802147614709,0.08818786529328637,-0.004099145736019549,-0.003265012285285529
2026-06-05,-0.02793868498748029,-0.02793706377737765,1.6212101026389335e-06,0.008106050513194667,1.9892247126990494,3,1,-0.025809371248925683,0.32848517108366293,0.24548344426428592,0.08300172681937701,-0.03192330598206339,-0.028990115620007972
2026-06-08,0.002789496213747863,0.00279376979090271,4.27357715484704e-06,0.021367885774235196,1.999577423750306,2,1,0.002264172608771542,0.3321909754384209,0.24830343376346753,0.08388754167495338,-0.029222859709482907,-0.02679158163694839
2026-06-09,-0.0031744371782700628,-0.003172991040943623,1.4461373264399022e-06,0.007230686632199511,2.0,2,1,-0.0029354505508077944,0.32796201887743326,0.2446391007612514,0.08332291811618187,-0.03230453075543582,-0.02964838682468285
2026-06-10,-0.00937335717623412,-0.009030924100004513,0.00034243307622960765,1.7121653811480382,1.9702818622653828,2,1,-0.015765562508027298,0.3155145565580222,0.22501666521826502,0.09049789133975716,-0.04137508602648854,-0.04494652583696346
2026-06-11,0.015837193867070113,0.016173666513048298,0.0003364726459781839,1.6823632298909195,1.9999999999999998,2,1,0.016996847886747934,0.33634861562518426,0.2458380871357111,0.09051052848947316,-0.02619315741808681,-0.028713627212904158
2026-06-12,0.00440144631546499,0.004791329701617818,0.0003898833861528283,1.9494169307641414,2.0,2,1,0.005408247901529384,0.3422304823156044,0.2525758883561082,0.08965459395949615,-0.021906998878830075,-0.02346066972549421
2026-06-15,0.01633450758583003,0.016339282324996613,4.774739166586093e-06,0.02387369583293046,2.0,2,1,0.01763396989375332,0.3641551563109211,0.27466377386102114,0.08949138244989996,-0.0059303313323688656,-0.006240404575367564
2026-06-16,-0.004467943047085072,-0.004464423428264751,3.5196188203207894e-06,0.017598094101603946,2.0,2,1,-0.005961562844234103,0.35806018876513646,0.26706478566788006,0.0909954030972564,-0.01037177799681066,-0.01216476485555218
2026-06-17,-0.007199369069395992,-0.007196048429694663,3.320639701329095e-06,0.016603198506645475,2.0,1,1,-0.012487870885051433,0.3482830122477627,0.2512418442214641,0.09704116802629859,-0.01749647680850175,-0.02450072372774048
2026-06-18,0.009176251376164409,0.009177860659490637,1.6092833262289431e-06,0.008046416631144715,2.0,1,1,0.010396992441959574,0.36065519609436025,0.26425099621889814,0.09640419987546212,-0.008480777501729375,-0.014358465125200892
2026-06-22,-0.0020784600409288157,-0.0020756449717816315,2.815069147184335e-06,0.014075345735921676,1.9999999999999996,1,0,-0.003146979693962715,0.35782712863979604,0.26027242400572503,0.09755470463407101,-0.010541610585504846,-0.017460259020978253
2026-06-23,-0.01391922518690997,-0.013918420249490986,8.049374189840826e-07,0.0040246870949204126,2.0,1,0,-0.014521954010491611,0.33892722707136325,0.24197080582362318,0.09695642124774007,-0.0243141047208425,-0.03172865595295582
2026-06-24,0.0002424467516184905,0.0002465273860046294,4.080634386138874e-06,0.02040317193069437,2.0,1,1,-0.0004635170636431152,0.3392518456282201,0.24139513116257727,0.09785671446564281,-0.024077552844932182,-0.032177466243158315
2026-06-25,0.0001362241625483754,0.00013731086198608063,1.0866994377052287e-06,0.005433497188526143,1.9999999999999996,1,0,0.0014456352254532678,0.3394342840893323,0.24318973569289204,0.09624454839644025,-0.023944608626856212,-0.030778347896372016
2026-06-26,-0.008554637801808977,-0.008554126282688786,5.11519120190353e-07,0.0025575956009517647,1.9999999999999998,1,0,-0.007231373616869652,0.3279759089296228,0.23419976623743932,0.09377614269218348,-0.03229440897455638,-0.037787151780293016
2026-06-29,0.015389977618652953,0.015392248861029105,2.271242376151143e-06,0.011356211880755713,2.0,1,0,0.016474862380159383,0.3484134284461602,0.2545330375358261,0.09388039091033407,-0.017401441587229338,-0.02193482752545206
2026-06-30,0.007870345793396164,0.007873106960791916,2.7611673957527513e-06,0.013805836978763756,2.0,1,1,0.007786800986842035,0.3590259084004903,0.2643018366305361,0.09472407176995423,-0.009668051156428215,-0.014318828675231376
2026-07-01,-0.0017149129118759461,-0.0017120018280838674,2.9110837920787546e-06,0.014555418960393772,2.0,1,1,-0.001352504438058455,0.3566952973226003,0.26259186278544777,0.09410343453715253,-0.011366384202543434,-0.015651966833958864
2026-07-02,-0.002420035479748413,-0.002418148721001245,1.8867587471680635e-06,0.009433793735840317,2.0,2,1,-0.001314069480687241,0.35341204656787184,0.2609327293519974,0.09247931721587443,-0.013758912629245224,-0.016945468542716835
2026-07-06,0.007442374699925492,0.007444170377226172,1.7956773006793986e-06,0.008978386503396992,2.0000000000000004,1,1,0.008727409093039817,0.36348464614182285,0.27193740511985554,0.09154724102196732,-0.006418936912570117,-0.008365949485922508
2026-07-07,-0.005292779043020555,-0.005291111404828424,1.667638192131437e-06,0.008338190960657185,2.0,1,1,-0.004751899671231685,0.3562680231812432,0.2658932861826393,0.09037473699860388,-0.011677741940821273,-0.01307809500454249
2026-07-08,-0.002857796384436083,-0.002857057742041665,7.386423944176061e-07,0.003693211972088031,2.0,1,1,-0.0030894297130047432,0.3523920853282696,0.26198239785081334,0.09040968747745626,-0.014502165716560489,-0.016127120862250766
2026-07-09,0.008379572466140028,0.008379880566369898,3.081002298710755e-07,0.0015405011493553774,2.0,1,1,0.00846525000257925,0.363724552809912,0.27266539434747483,0.09105915846243717,-0.0062441151989584,-0.007798390969592339
2026-07-10,0.004179866025403086,0.004181449658921016,1.5836335179306346e-06,0.007918167589653172,2.0000000000000004,1,1,0.0043101596888019955,0.3694247387362102,0.2781507854275247,0.09127395330868548,-0.002090348738534198,-0.0035218435911849033
2026-07-13,-0.007685228846187199,-0.007684309772580118,9.190736070810847e-07,0.004595368035405423,2.0,1,1,-0.007656174850540931,0.35890039623139236,0.2683650395289354,0.09053535670245694,-0.009759512776297274,-0.011151054591395426
2026-07-14,-0.007315378041244382,-0.0069144818757866195,0.00040089616545776227,2.0044808272888113,1.420383554792097,1,1,0.00355064169730146,0.34895952611256287,0.2728685493256864,0.07609097678687649,-0.017003496292084752,-0.0076400062934949275
2026-07-15,0.003654700285035479,0.0040541025400551494,0.0003994022550196706,1.997011275098353,1.9999999999999998,1,1,0.003963635929681075,0.35388956887714795,0.27791373684155474,0.07597583203559322,-0.013410938689794483,-0.00370665256726177
2026-07-16,-0.0047923326553467255,-0.004791686278860332,6.463764863928579e-07,0.0032318824319642896,2.0,1,1,-0.005418617756386079,0.34740127968448475,0.2709892107759755,0.07641206890850927,-0.018139001665719245,-0.009105185390230086
2026-07-17,-0.010998499528216608,-0.010997515565587423,9.83962629184499e-07,0.004919813145922494,1.9999999999999998,1,1,-0.009897156017872222,0.3325818873455564,0.25841003225989345,0.07417185508566293,-0.028937999392673164,-0.01891222596772346
2026-07-20,-0.002051055454924322,-0.002047987945883188,3.0675090411343224e-06,0.015337545205671611,2.0,1,1,-0.0016143782471810253,0.3298486879963829,0.2563784824777786,0.07347020551860428,-0.030929701406088528,-0.02049607272869647
2026-07-21,0.008760319504882322,0.008760705752790112,3.862479077898744e-07,0.0019312395389493719,2.0,1,1,0.008341309298597777,0.34149858739637984,0.2668583239962288,0.07464026340015106,-0.02244033596771411,-0.012325727512135232
2026-07-22,-0.0010886065561540705,-0.001086276527646607,2.3300285074636467e-06,0.011650142537318234,2.0,1,1,-0.0011627413779321527,0.3400382232390686,0.26538529540294054,0.07465292783612809,-0.023504513827011464,-0.013474137256676011
2026-07-23,-0.011274213447782065,-0.011274066988860588,1.464589214762508e-07,0.0007322946073812539,2.0,1,1,-0.012349287272575782,0.3249303462820847,0.24975868887951647,0.07517165740256826,-0.034513732368921524,-0.025657028537518944
2026-07-24,0.0012102176454212828,0.001212121869192408,1.9042237711251665e-06,0.009521118855625833,2.0000000000000004,1,1,0.0010160123647910968,0.32653380036610935,0.25102845916042327,0.07550534120568608,-0.03334528385142255,-0.024667084030965625
2026-07-27,0.0025412091459983887,0.0025414666540971003,2.575080987117457e-07,0.0012875404935587286,2.0,1,1,0.0002165755636849287,0.3299048001920757,0.25129940135415185,0.07860539883792383,-0.030888812045723246,-0.024455850754909192
2026-07-28,0.0020692737510471424,0.0020704842034450664,1.2104523979240567e-06,0.006052261989620283,2.0,1,1,0.002394780651586048,0.3326567372865046,0.25429598894985594,0.07836074833664863,-0.0288834557026435,-0.02211963650152915
2026-07-29,-0.02041140902086897,-0.020411084184204894,3.2483666407642753e-07,0.0016241833203821377,1.9999999999999998,1,1,-0.015387473482586067,0.30545533553733284,0.23499554268057588,0.07045979285675696,-0.04870531269522982,-0.03716674466400349
2026-07-30,-0.007760811360573807,-0.007358882604729218,0.0004019287558445896,2.009643779222948,2.0,0,1,0.01676579949601198,0.295323942938573,0.2557012303276269,0.039622712610946076,-0.05608813131171819,-0.021024075356947725
2026-07-31,0.006989089422201297,0.007199809675054292,0.00021072025285299496,1.0536012642649748,1.0000000000000002,0,0,0.007199809675054292,0.30437707780648915,0.26474204019471737,0.039635037611771784,-0.049491046854778564,-0.013975635023057431
2026-08-03,0.01424300656734756,0.01424300656734756,2.720784634035374e-20,1.3603923170176869e-16,1.0,0,0,0.01424300656734756,0.32295532909198466,0.2827557693792113,0.040199559712773336,-0.035952941592808485,0.0
2026-08-04,0.018029002715958642,0.018029002715958642,0.0,0.0,1.0,0,0,0.018029002715958642,0.34680689431327605,0.30588257662926077,0.04092431768401528,-0.018572134558473286,0.0
2026-08-05,-0.0019966020100066206,-0.0019966020100066206,0.0,0.0,1.0,0,0,-0.0019966020100066206,0.3441178569609993,0.30327524885193013,0.040842608109069145,-0.020531655407290406,-0.0019966020100066206
2026-08-06,-0.0015978130449320065,-0.0015978130449320065,2.456433563223238e-20,1.2282167816116189e-16,1.0,0,0,-0.001597813044932006,0.3419702079152209,0.3011928586581776,0.04077734925704335,-0.022096662705378578,-0.003591224858201514
